FUNCION_PRINCIPAL,ESTABLECIMIENTO,CALLE,ALTURA,BARRIO,COMUNA,DIRECCION,LONGITUD,LATITUD,TELEFONO,MAIL,WEB,FACEBOOK,TWITTER,INSTAGRAM,CAPACIDAD_TOTAL
CALESITA,CALESITA A LOS SUEÑOS DE LOS NIÑOS DE LA PLAZA UNIDAD NACIONAL,MURGUIONDO,,VILLA LUGANO,COMUNA 8,"MURGUIONDO, CABA",-58.47696806,-34.67686111,,,,,,,0
CALESITA,CALESITA DE DON PEPE,HERRERA,,BARRACAS,COMUNA 4,"HERRERA, CABA",-58.37746479,-34.63796084,,,,,,,0
CALESITA,CALESITA DE LA ALEGRIA DE LA PLAZA ARISTOBULO DEL VALLE,CAMPANA,,VILLA DEL PARQUE,COMUNA 11,"CAMPANA, CABA",-58.49312382,-34.60612804,,,,,,,0
CALESITA,CALESITA DE LA ESTACION FLORESTA,SEGUROLA AV.,,FLORESTA,COMUNA 10,"SEGUROLA AV., CABA",-58.48327692,-34.63305464,,,,,,,0
CALESITA,CALESITA DE LA PLAZA 25 DE AGOSTO,CHARLONE,,VILLA ORTUZAR,COMUNA 15,"CHARLONE, CABA",-58.46208581,-34.58056596,,,,,,,0
CALESITA,CALESITA DE LA PLAZA BALCARCE,VUELTA DE OBLIGADO,,NUÑEZ,COMUNA 13,"VUELTA DE OBLIGADO, CABA",-58.46804063,-34.54756919,,,,,,,0
CALESITA,CALESITA DE LA PLAZA CAMPAÑA DEL DESIERTO,MALABIA,,PALERMO,COMUNA 14,"MALABIA, CABA",-58.42453231,-34.58894964,,,,,,,0
CALESITA,CALESITA DE LA PLAZA ECHEVERRIA,NAHUEL HUAPI,,VILLA URQUIZA,COMUNA 12,"NAHUEL HUAPI, CABA",-58.48987179,-34.57202727,,,,,,,0
CALESITA,CALESITA DE LA PLAZA GENERAL PUEYRREDON,YERBAL,,FLORES,COMUNA 7,"YERBAL, CABA",-58.46372317,-34.62808868,,,,,,,0
CALESITA,CALESITA DE LA PLAZA MARTIN FIERRO,BARCALA,,SAN CRISTOBAL,COMUNA 3,"BARCALA, CABA",-58.40858964,-34.62575784,,,,,,,0
CALESITA,CALESITA DE LA PLAZA MISERICORDIA,LAUTARO,,FLORES,COMUNA 7,"LAUTARO, CABA",-58.45536451,-34.63259145,,,,,,,0
CALESITA,CALESITA DE LA PLAZA REPUBLICA DE MEXICO,LA PAMPA,,BELGRANO,COMUNA 13,"LA PAMPA, CABA",-58.43486801,-34.55397294,,,,,,,0
CALESITA,CALESITA DE LA PLAZA UNION LATINOAMERICANA,COSTA RICA,,PALERMO,COMUNA 14,"COSTA RICA, CABA",-58.41947823,-34.59178457,,,,,,,0
CALESITA,CALESITA DE PARQUE AVELLANEDA,DIRECTORIO AV.,,PARQUE AVELLANEDA,COMUNA 9,"DIRECTORIO AV., CABA",-58.48086845,-34.64284897,,,,,,,0
CALESITA,CALESITA DE PARQUE LEZAMA,DEFENSA,,SAN TELMO,COMUNA 1,"DEFENSA, CABA",-58.37050397,-34.62811263,,,,,,,0
CALESITA,CALESITA DE PARQUE RIVADAVIA,ROSARIO,,CABALLITO,COMUNA 6,"ROSARIO, CABA",-58.43422244,-34.61889776,,,,,,,0
CALESITA,CALESITA DEL JARDIN ZOOLOGICO,DEL LIBERTADOR AV.,,PALERMO,COMUNA 14,"DEL LIBERTADOR AV., CABA",-58.41431549,-34.57580341,,,,,,,0
CALESITA,CALESITA DEL PARQUE 3 DE FEBRERO,DEL LIBERTADOR AV.,,PALERMO,COMUNA 14,"DEL LIBERTADOR AV., CABA",-58.41230898,-34.575248,,,,,,,0
CALESITA,CALESITA DEL PARQUE INFANTIL DON JOSE,ALVAREZ JONTE AV.,4767,MONTE CASTRO,COMUNA 10,"ALVAREZ JONTE AV. 4767, CABA",-58.50581543,-34.61923772,,,,,,,0
CALESITA,CALESITA DEL PARQUE SAAVEDRA,GARCIA DEL RIO,,SAAVEDRA,COMUNA 12,"GARCIA DEL RIO, CABA",-58.47730829,-34.55009478,,,,,,,0
CALESITA,CALESITA DEL SPINETTO,ALSINA. ADOLFO,,BALVANERA,COMUNA 3,"ALSINA. ADOLFO, CABA",-58.40009454,-34.61219498,,,,,,,0
CALESITA,CALESITA EL CAPRICHO,FERNANDEZ DE LA CRUZ. F.. GRAL. AV.,,VILLA RIACHUELO,COMUNA 8,"FERNANDEZ DE LA CRUZ. F.. GRAL. AV., CABA",-58.47459528,-34.68838338,,,,,,,0
CALESITA,CALESITA EL GATO DEL POLIDEPORTIVO NUEVA CHICAGO,DIRECTORIO AV.,,MATADEROS,COMUNA 9,"DIRECTORIO AV., CABA",-58.50264834,-34.66015947,,,,,,,0
CALESITA,CALESITA EL PATO,ENTRE RIOS AV.,1056,CONSTITUCION,COMUNA 1,"ENTRE RIOS AV. 1056, CABA",-58.3914247,-34.62116001,,,,,,,0
CALESITA,CALESITA ESTACION BELGRANO R,JURAMENTO,3200,BELGRANO,COMUNA 13,"JURAMENTO 3200, CABA",-58.46485207,-34.56679168,,,,,,,0
CALESITA,CALESITA ESTACION CABALLITO,ROJAS,,CABALLITO,COMUNA 6,"ROJAS, CABA",-58.44222957,-34.6182901,,,,,,,0
CALESITA,CALESITA JOSE DE PLAZA IRLANDA,NEUQUEN,,CABALLITO,COMUNA 6,"NEUQUEN, CABA",-58.45729839,-34.61546607,,,,,,,0
CALESITA,CALESITA JUAN CARLOS DE LA PLAZA REPUBLICA DE BOLIVIA,DEL LIBERTADOR AV.,,PALERMO,COMUNA 14,"DEL LIBERTADOR AV., CABA",-58.43698318,-34.56286045,,,,,,,0
CALESITA,CALESITA MI SUEÑO DE LA PLAZA SALABERRY,ALBERDI. JUAN BAUTISTA AV.,,MATADEROS,COMUNA 9,"ALBERDI. JUAN BAUTISTA AV., CABA",-58.50651821,-34.65532466,,,,,,,0
CALESITA,CALESITA PEDRITO DE LA PLAZA POMPEYA,TRAFUL,,NUEVA POMPEYA,COMUNA 4,"TRAFUL, CABA",-58.41607667,-34.65211963,,,,,,,0
CALESITA,CALESITA PEKAS,GAONA AV.,3036,FLORES,COMUNA 7,"GAONA AV. 3036, CABA",-58.46835352,-34.6176007,,,,,,,0
CALESITA,CALESITA PLAZA ALMAGRO,BULNES,,ALMAGRO,COMUNA 5,"BULNES, CABA",-58.41886801,-34.60616895,,,,,,,0
CALESITA,CALESITA STELLA MARIS,SOLDADO DE LA FRONTERA AV.,,VILLA LUGANO,COMUNA 8,"SOLDADO DE LA FRONTERA AV., CABA",-58.46567666,-34.68352056,,,,,,,0
CALESITA,CARROUSEL CLASICO,POSADAS,,RETIRO,COMUNA 1,"POSADAS, CABA",-58.38399285,-34.58887542,,,,,,,0
CALESITA,CARROUSEL DE LOS NIÑOS DE LA PLAZA DEL CONGRESO,YRIGOYEN. HIPOLITO,,MONSERRAT,COMUNA 1,"YRIGOYEN. HIPOLITO, CABA",-58.38784936,-34.60990673,,,,,,,0
CALESITA,ESTACION SAAVEDRA,BALBIN. RICARDO. DR. AV.,,SAAVEDRA,COMUNA 12,"BALBIN. RICARDO. DR. AV., CABA",-58.48593291,-34.55551459,,,,,,,0
CALESITA,LA CALESITA DE ANTONIO,IRIARTE. GRAL. AV.,,BARRACAS,COMUNA 4,"IRIARTE. GRAL. AV., CABA",-58.38776935,-34.65121328,,,,,,,0
CALESITA,LA CALESITA DE CARLITOS,GALLARDO. ANGEL AV.,,CABALLITO,COMUNA 6,"GALLARDO. ANGEL AV., CABA",-58.43628834,-34.6056224,,,,,,,0
CALESITA,LA CALESITA DE COLEGIALES,LACROZE. FEDERICO AV.,2782,COLEGIALES,COMUNA 13,"LACROZE. FEDERICO AV. 2782, CABA",-58.44670978,-34.57350759,,,,,,,0
CALESITA,LA CALESITA DE DANIEL DE LA PLAZA TTE. GRAL. EMILIO MITRE,CANTILO,,RECOLETA,COMUNA 2,"CANTILO, CABA",-58.39740312,-34.5885376,,,,,,,0
CALESITA,LA CALESITA DE DEVOTO,NUEVA YORK,4050,VILLA DEVOTO,COMUNA 11,"NUEVA YORK 4050, CABA",-58.51223628,-34.60019258,,,,,,,0
CALESITA,LA CALESITA DE DON LUIS,FALCON. RAMON L..CNEL. AV.,5990,VILLA LURO,COMUNA 10,"FALCON. RAMON L..CNEL. AV. 5990, CABA",-58.50956353,-34.63983853,,,,,,,0
CALESITA,LA CALESITA DE LA PLAZA 1 DE MAYO,YRIGOYEN. HIPOLITO,,BALVANERA,COMUNA 3,"YRIGOYEN. HIPOLITO, CABA",-58.3985128,-34.61183845,,,,,,,0
CALESITA,LA CALESITA DE LEONARDO,BEIRO. FRANCISCO AV.,5340,VILLA REAL,COMUNA 10,"BEIRO. FRANCISCO AV. 5340, CABA",-58.5255188,-34.6143993,,,,,,,0
CALESITA,LA CALESITA DE PARQUE LOS ANDES,ARENAL. CONCEPCION,,CHACARITA,COMUNA 15,"ARENAL. CONCEPCION, CABA",-58.44973594,-34.59133707,,,,,,,0
CALESITA,LA CALESITA DE PARQUE PATRICIOS,CASEROS AV.,,PARQUE PATRICIOS,COMUNA 4,"CASEROS AV., CABA",-58.40967236,-34.63796868,,,,,,,0
CALESITA,LA CALESITA DE PASCUALITO DE LA PLAZA SAENZ PEÑA,LAMAS. ANDRES,,VILLA GRAL. MITRE,COMUNA 11,"LAMAS. ANDRES, CABA",-58.46816887,-34.61043001,,,,,,,0
CALESITA,LA CALESITA DE PEDRITO DE PARQUE LAS HERAS,DIAZ. CNEL. AV.,,PALERMO,COMUNA 14,"DIAZ. CNEL. AV., CABA",-58.40779825,-34.58410153,,,,,,,0
CALESITA,LA CALESITA DE TATIN DEL PQUE. CHACABUCO,ASAMBLEA AV.,,PARQUE CHACABUCO,COMUNA 7,"ASAMBLEA AV., CABA",-58.44398411,-34.63607014,,,,,,,0
CENTRO CULTURAL,921 CASA CULTURAL,SAN JOSE DE CALASANZ,921,PARQUE CHACABUCO,COMUNA 7,"SAN JOSE DE CALASANZ 921, CABA",-58.436859,-34.63015,,921.CASACULTURAL@GMAIL.COM,,https://www.facebook.com/921CasaCultural/,,https://www.instagram.com/921.casacultural/,0
CENTRO CULTURAL,ALIANZA FRANCESA,GRANADEROS,61,FLORES,COMUNA 7,"GRANADEROS 61, CABA",-58.459222,-34.626747,4631-5166 / 4632-1291,MARISA.GOYTIA@ALIANZAFRANCESA.ORG.AR,WWW.ALIANZAFRANCESA.ORG.AR,,,,0
CENTRO CULTURAL,ALIANZA FRANCESA,11 DE SEPTIEMBRE DE 1888,950,PALERMO,COMUNA 14,"11 DE SEPTIEMBRE DE 1888 950, CABA",-58.441709,-34.569067,4772-1607,DIEGO.CHOTRO@ALIANZAFRANCESA.ORG.AR,WWW.ALIANZAFRANCESA.ORG.AR,,,,0
CENTRO CULTURAL,ALIANZA FRANCESA,CORDOBA AV.,946,SAN NICOLAS,COMUNA 1,"CORDOBA AV. 946, CABA",-58.380367,-34.599076,4322-0068,INFO@ALIANZAFRANCESA.ORG.AR,WWW.ALIANZAFRANCESA.ORG.AR,,,,178
CENTRO CULTURAL,ALQUIMIA ESPACIO CULTURAL,"RAVIGNANI, EMILIO, DR.",1408,PALERMO,COMUNA 14,"RAVIGNANI, EMILIO, DR. 1408, CABA",-58.4425332,-34.5842416,,,,,,,
CENTRO CULTURAL,AMARAMA ESPACIO CULTURAL,SANCHEZ DE BUSTAMANTE,543,ALMAGRO,COMUNA 5,"SANCHEZ DE BUSTAMANTE 543, CABA",-58.4142954,-34.6035282,+54 11 5730-9714,,,,,,
CENTRO CULTURAL,AMATA.3,GUALEGUAY,1290,BARRACAS,COMUNA 4,"GUALEGUAY 1290, CABA",-58.37101,-34.63283,,,,,,,
CENTRO CULTURAL,AME TRIGLAV,PERALTA,1458,VILLA REAL,COMUNA 10,"PORCEL DE PERALTA, MANUEL 1458, CABA",-58.529239,-34.621737,,,,,,,
CENTRO CULTURAL,ARCHIBRAZO,BRAVO. MARIO,441,ALMAGRO,COMUNA 5,"BRAVO, MARIO 441, CABA",-58.416913,-34.604909,4864-6412,ARCHIVAZO@GMAIL.COM,WWW.ARCHIBRAZO.ORG,WWW.FACEBOOK.COM/ELARCHIBRAZO/?HC_REF=ARTOP6RF7XPPZ_YSJPONUD1X71WYTQP7U0VRBTCDWJ0JKAFYSBIYIFABSSRRCL4UK2I,,https://www.instagram.com/archibrazo/,84
CENTRO CULTURAL,AREPERA MISS VENEZUELA TEATRO BAR,HUMBOLDT,2341,PALERMO,COMUNA 14,"HUMBOLDT 2341, CABA",-58.42959,-34.57988,+54 9 11 2561-7978,,,,,,
CENTRO CULTURAL,ARTE XXI,SANCHEZ DE BUSTAMANTE,158,ALMAGRO,COMUNA 5,"SANCHEZ DE BUSTAMANTE 158, CABA",-58.414743,-34.607718,4976-7203 / 5008-4601,ESTUDIOARQI.TEARTE@GMAIL.COM ARTEXXI.DANZA@GMAIL.COM,,,,,100
CENTRO CULTURAL,ARTLAB,ROSETI,93,CHACARITA,COMUNA 15,"ROSETI 93, CABA",-58.44639,-34.58616,,,,,,,
CENTRO CULTURAL,ASAMBLEA DE FLORES,AVELLANEDA AV.,2177,FLORES,COMUNA 7,"AVELLANEDA AV. 2177, CABA",-58.46199,-34.6232,,,,,,,
CENTRO CULTURAL,ASOC. CIVIL LA BOMBOCOVA,PERDRIEL,449,BARRACAS,COMUNA 4,"PERDRIEL 449, CABA",-58.386662,-34.638479,,-,http://labombocova.com/equipo/,https://www.facebook.com/labombocova,,,0
CENTRO CULTURAL,ASOCIACION CALABRESA MUTUAL Y CULTURAL,HIPOLITO YRIGOYEN,3950,ALMAGRO,COMUNA 5,"YRIGOYEN, HIPOLITO AV. 3950, CABA",-58.42242,-34.614787,4981-9549,ASOCIACIONCALABRESA@ASOCIACIONCALABRESA.ORG.AR,http://www.asociacioncalabresa.org.ar/index.html,https://www.facebook.com/asociacioncalabresabaires/,,,0
CENTRO CULTURAL,ASOCIACION CENTRO BETANZOS,REPUBLICA BOLIVARIANA DE VENEZUELA,1534,MONSERRAT,COMUNA 1,"REPUBLICA BOLIVARIANA DE VENEZUELA 1534, CABA",-58.388003,-34.614717,4381-1741,,,,,,0
CENTRO CULTURAL,ASOCIACION CULTURAL ARMENIA,ARMENIA,1366,PALERMO,COMUNA 14,"ARMENIA 1366, CABA",-58.430751,-34.591661,4775-7595,,www.acaculturalarmenia.org.ar,https://www.facebook.com/AsociacionCulturalArmenia/,,,0
CENTRO CULTURAL,ASOCIACION DANTE ALIGHIERI,RIVADAVIA AV.,6460,FLORES,COMUNA 7,"RIVADAVIA AV. 6460, CABA",-58.457358,-34.627018,4631-3604,FLORES@DANTE.EDU.AR,WWW.DANTE.EDU.AR,,,,0
CENTRO CULTURAL,ASOCIACION DANTE ALIGHIERI,MONTES DE OCA. MANUEL AV.,501,BARRACAS,COMUNA 4,"MONTES DE OCA, MANUEL AV. 501, CABA",-58.375557,-34.634267,4307-6442,BARRACAS@DANTE.EDU.AR,,,,,0
CENTRO CULTURAL,ASOCIACION DANTE ALIGHIERI,TUCUMAN,1646,SAN NICOLAS,COMUNA 1,"TUCUMAN 1646, CABA",-58.390189,-34.601881,4371-2480,SECRETARIA@DANTE.EDU.AR,WWW.DANTE.EDU.AR,,,,0
CENTRO CULTURAL,ASOCIACION DANTE ALIGHIERI,CABILDO AV.,2772,BELGRANO,COMUNA 13,"CABILDO AV. 2772, CABA",-58.461782,-34.556511,4783-6768,BELGRANO@DANTE.EDU.AR,,,,,0
CENTRO CULTURAL,ASOCIACION UCRANIA DE CULTURA PROVISTA EN LA REPUBLICA ARGENTINA,SOLER,5039,PALERMO,COMUNA 14,"SOLER 5039, CABA",-58.428113,-34.584354,4775-0226,PROSVITA.ARGENTINA@GMAIL.COM,WWW.PROSVITA.ORG.AR,WWW.FACEBOOK.COM/GROUPS/PROSVITA/,@PROSVITA_ARG,,150
CENTRO CULTURAL,AUDITORIO SAN RAFAEL. CENTRO CULTURAL SAN RAFAEL,RAMALLO,2606,SAAVEDRA,COMUNA 12,"RAMALLO 2606, CABA",-58.474853,-34.543777,4566-3743,CCBALDOMEROFERNANDEZMORENO@YAHOO.COM.AR,HTTP://WWW.BUENOSAIRES.GOB.AR/AREAS/CULTURA/CEN_CULTURALES/PROG_BARRIOS.PHP,,,,0
CENTRO CULTURAL,BALCARCE ESPACIO CULTURAL,BALCARCE,1090,SAN TELMO,COMUNA 1,"BALCARCE 1090, CABA",-58.3699307,-34.6204811,+54 11 6127-3894,,,,,,
CENTRO CULTURAL,BARRAKESH ESPACIO CULTURAL,CALIFORNIA,1672,BARRACAS,COMUNA 4,"CALIFORNIA 1672, CABA",-58.37273,-34.64662,,,,,,,
CENTRO CULTURAL,BARRIADA CULTURAL,"ARTIGAS, JOSE GERVASIO, GRAL.",5701,VILLA PUEYRREDON,COMUNA 12,"ARTIGAS, JOSE GERVASIO, GRAL. 5701, CABA",-58.5047854,-34.5754479,,,,,,,
CENTRO CULTURAL,BASE CULTURAL UGARTE,"UGARTE, MANUEL",2789,BELGRANO,COMUNA 13,"UGARTE, MANUEL 2789, CABA",-58.46533,-34.55798,,,,,,,
CENTRO CULTURAL,BATACAZO CULTURAL,MEDRANO AV.,627,ALMAGRO,COMUNA 5,"MEDRANO AV. 627, CABA",-58.420824,-34.602707,4862-9536,LULICORRE@HOTMAIL.COM. BATACAZOCULTURAL@GMAIL.COM,,,,,50
CENTRO CULTURAL,BATACAZO DE ARTE,SUAREZ,1502,BARRACAS,COMUNA 4,"SUAREZ 1502, CABA",-58.37252,-34.63846,,,,,,,
CENTRO CULTURAL,BESARES CLUB DE CULTURA,BESARES,1840,NUÑEZ,COMUNA 13,"BESARES 1840, CABA",-58.465474,-34.54255,4702-5823 / 6273-7123,GRACIELASCHETTINI@HOTMAIL.COM,,,,,145
CENTRO CULTURAL,BOLIVAR 852,BOLIVAR,852,SAN TELMO,COMUNA 1,"BOLIVAR 852, CABA",-58.37303,-34.617798,4343-1391 / 5509-6873,INFO.BOLIVAR@GMAIL.COM,,,,,120
CENTRO CULTURAL,BRITISH ART CENTRE,SUIPACHA,1333,RETIRO,COMUNA 1,"SUIPACHA 1333, CABA",-58.380072,-34.592179,4393-6941,INFORMES@BRITISHARTCENTRE.ORG.AR,WWW.BRITISHARTCENTRE.ORG.AR,,,,0
CENTRO CULTURAL,BUENOS AIRES DANCE CLUB,FLORIDA,550,SAN NICOLAS,COMUNA 1,"FLORIDA 550, CABA",-58.375358,-34.601692,4326-3169,EVAHOLC@HOTMAIL.COM,,,,,150
CENTRO CULTURAL,C COMPLEJO ART MEDIA,CORRIENTES AV.,6271,CHACARITA,COMUNA 15,"CORRIENTES AV. 6271, CABA",-58.44825,-34.59096,,,,,,,
CENTRO CULTURAL,CABLE CULTURAL,"LACROZE, FEDERICO AV.",2894,COLEGIALES,COMUNA 13,"LACROZE, FEDERICO AV. 2894, CABA",-58.44746,-34.57472,,,,,,,
CENTRO CULTURAL,CAFF - CLUB ATLETICO FERNANDEZ FIERRO,SANCHEZ DE BUSTAMANTE,722,ALMAGRO,COMUNA 5,"SANCHEZ DE BUSTAMANTE 722, CABA",-58.414194,-34.601871,15-3209-1344,HOLA@CAFF.COM.AR,WWW.CAFF.COM.AR,https://www.facebook.com/clubatleticofernandezfierro,https://twitter.com/caffierro,https://www.instagram.com/clubatleticofernandezfierro/,100
CENTRO CULTURAL,CASA BALEAR DE BUENOS AIRES,COLOMBRES,841,BOEDO,COMUNA 5,"COLOMBRES 841, CABA",-58.41791,-34.62349,,,,,,,
CENTRO CULTURAL,CASA BRANDON,DRAGO. LUIS MARIA,236,VILLA CRESPO,COMUNA 15,"DRAGO, LUIS MARIA 236, CABA",-58.436866,-34.601923,4342-2158 / 5845-3421,LISA@BRANDON.ORG.AR INFO@BRANDON.ORG.AR,http://brandon.org.ar,https://www.facebook.com/casabrandon/,https://twitter.com/casabrandon,https://www.instagram.com/casabrandon/,120
CENTRO CULTURAL,CASA COLOMBO,GALLO,557,BALVANERA,COMUNA 3,"GALLO 557, CABA",-58.412806,-34.602772,4302-2227 / 6724-9595,ESTUDIO.PGBAIRES@GMAIL.COM,,https://www.facebook.com/CasaColomboCC/,,,800
CENTRO CULTURAL,"CASA CULTURAL ""TITA MERELLO""",INCLAN,4191,BOEDO,COMUNA 5,"INCLAN 4191, CABA",-58.4223071,-34.633253,,,,,,,
CENTRO CULTURAL,CASA CULTURAL EL POTRERO,"CALOU, JUAN P.",5447,VILLA LUGANO,COMUNA 8,"CALOU, JUAN P. 5447, CABA",-58.47158,-34.67584,,,,,,,
CENTRO CULTURAL,CASA CULTURAL LOS DANDYS DE BOEDO,"CALVO, CARLOS",3401,BOEDO,COMUNA 5,"CALVO, CARLOS 3401, CABA",-58.413857,-34.6232388,+54 11 5037-1759,,,,,,
CENTRO CULTURAL,CASA CULTURAL PEPA NOIA,BRASIL,444,SAN TELMO,COMUNA 1,"BRASIL 444, CABA",-58.371813,-34.625453,4361-3140 INTERNO 220 / 2697-8887,NORAROMERO2001@YAHOO.COM.AR,,,,,300
CENTRO CULTURAL,CASA CULTURAL VICTOR JARA,24 DE NOVIEMBRE,2273,PARQUE PATRICIOS,COMUNA 4,"24 DE NOVIEMBRE 2273, CABA",-58.409148,-34.637302,,JBONADEO5@GMAIL.COM,,WWW.FACEBOOK.COM/CASACULTURALVICTORJARA/,,www.instagram.com/ccvictorjara,80
CENTRO CULTURAL,CASA DASEIN,ESTADO DE ISRAEL AV.,4116,ALMAGRO,COMUNA 5,"ESTADO DE ISRAEL AV. 4116, CABA",-58.423712,-34.597907,,casa.dasein@gmail.com,,WWW.FACEBOOK.COM/CASADASEIN/,@CASADASEIN,https://www.instagram.com/casa.dasein,60
CENTRO CULTURAL,CASA DE CULTURA Y POLITICA SOFIA YUSSEN - CASA SOFIA,FITZ ROY,1327,PALERMO,COMUNA 14,"FITZ ROY 1327, CABA",-58.439791,-34.587321,2072-7875 / 6440-1914,RUNAKAY.KUDAW@GMAIL.COM ALFREDALESSIO@GMAIL.COM,http://casasofia.org.ar/,https://www.facebook.com/casaculturalsofia/,,https://www.instagram.com/casaculturalsofia/,80
CENTRO CULTURAL,CASA DE LA CULTURA,DE MAYO AV.,575,MONSERRAT,COMUNA 1,"DE MAYO AV. 575, CABA",-58.374405,-34.608487,4323-9669,SUBSECPATRIMONIOCULTURAL@BUENOSAIRES.GOB.AR,HTTP://WWW.BUENOSAIRES.GOV.AR/AREAS/CULTURA/CASA_CULTURA/,,,,0
CENTRO CULTURAL,CASA DE LA CULTURA BARRIO MUGICA,FLOR DE OTOÑO,676,RETIRO,COMUNA 1,"FLOR DE OTOÑO 676, CABA",-58.3801798,-34.5848736,,,,,,,
CENTRO CULTURAL,CASA DE LA CULTURA DE LINIERS,PIERES,226,LINIERS,COMUNA 9,"PIERES 226, CABA",-58.51515,-34.6425,,,,,,,
CENTRO CULTURAL,CASA DE LA CULTURA HILDA GALARZA,"CHILAVERT, MARTINIANO, CORONEL",5453,VILLA LUGANO,COMUNA 8,"CHILAVERT, MARTINIANO, CORONEL 5453, CABA",-58.46755,-34.67912,,,,,,,
CENTRO CULTURAL,CASA DE LA CULTURA LOS COMPADRES DEL HORIZONTE,COMBATE DE LOS POZOS,1936,PARQUE PATRICIOS,COMUNA 4,"COMBATE DE LOS POZOS 1936, CABA",-58.391371,-34.631037,,COMPADRESDELHORIZONTE@YAHOO.COM.AR,WWW.CASADELACULTURACOMPADRESDELHORIZONTE.BLOGSPOT.COM,,,,0
CENTRO CULTURAL,CASA DE LA PROVINCIA DE BUENOS AIRES,CALLAO AV.,237,SAN NICOLAS,COMUNA 1,"CALLAO AV. 237, CABA",-58.392051,-34.606324,,,,WWW.FACEBOOK.COM/CASADELAPROVINCIADEBUENOSAIRES/,,,0
CENTRO CULTURAL,CASA DEL BICENTENARIO,RIOBAMBA,985,RECOLETA,COMUNA 2,"RIOBAMBA 985, CABA",-58.394671,-34.597653,4313-0301 / 0679,CASA@BICENTENARIO.GOV.AR,WWW.CASADELBICENTENARIO.GOV.AR,,,,0
CENTRO CULTURAL,CASA DEL PUEBLO,"LAMARCA, EMILIO",2502,VILLA DEL PARQUE,COMUNA 11,"LAMARCA, EMILIO 2502, CABA",-58.49706,-34.60849,,,,,,,
CENTRO CULTURAL,CASA EL MATE,SANTIAGO DEL ESTERO,638,MONSERRAT,COMUNA 1,"SANTIAGO DEL ESTERO 638, CABA",-58.384417,-34.61592,,casaelmate@gmail.com,,https://www.facebook.com/casaelmate/,,https://www.instagram.com/casaelmate/,50
CENTRO CULTURAL,CASA GATICA,SANCHEZ DE BUSTAMANTE,551,ALMAGRO,COMUNA 5,"SANCHEZ DE BUSTAMANTE 551, CABA",-58.414365,-34.603473,,,,,,,0
CENTRO CULTURAL,CASA JACHE,ARANGUREN. JUAN F.. DR.,213,CABALLITO,COMUNA 6,"ARANGUREN, JUAN F., DR. 213, CABA",-58.434087,-34.61092,5252-0909 / 6651-9148,HABILITACIONES27@GMAIL.COM,http://www.casajache.com.ar/,,,,130
CENTRO CULTURAL,CASAMAZA,MAZA,1160,BOEDO,COMUNA 5,"MAZA 1160, CABA",-58.414657,-34.624944,,,,,,,50
CENTRO CULTURAL,CASA RODANTE (ESPACIO CULTURAL),"BOCAYUVA, QUINTINO",548,ALMAGRO,COMUNA 5,"BOCAYUVA, QUINTINO 548, CABA",-58.4221956,-34.618448,+54 11 4157-5632,,,,,,
CENTRO CULTURAL,CASA RODOLFO WALSH,NICARAGUA,4441,PALERMO,COMUNA 14,"NICARAGUA 4441, CABA",-58.423603,-34.589366,5813-9841,SANTIAGOCORDERO@GMAIL.COM,,,,,150
CENTRO CULTURAL,CASONA CULTURAL HUMAHUACA,HUMAHUACA,3508,ALMAGRO,COMUNA 5,"HUMAHUACA 3508, CABA",-58.414507,-34.602929,4862-5369,COMUNITARIACASONA@GMAIL.COM,WWW.CASONAHUMAHUACA.COM,WWW.FACEBOOK.COM/CASONAHUMAHUACA,@CASONAHUMAHUACA,https://www.instagram.com/casonahumahuaca/,50
CENTRO CULTURAL,CASONA PLURINACIONAL DE LA CULTURA,"CALVO, CARLOS",242,SAN TELMO,COMUNA 1,"CALVO, CARLOS 242, CABA",-58.36952,-34.61932,,,,,,,
CENTRO CULTURAL,CC AMIGOS DE ELADIA BLASQUEZ,AV. SANTA FE,5362,PALERMO,COMUNA 14,"SANTA FE AV. 5362, CABA",-58.435169,-34.575379,,,-,https://www.facebook.com/CentroCulturalAmigosDeEladiaBlazquez/,,,150
CENTRO CULTURAL,CC NO ME OLVIDES,LAVALLEJA,1008,VILLA CRESPO,COMUNA 15,"LAVALLEJA 1008, CABA",-58.4288,-34.59725,,,,,,,
CENTRO CULTURAL,CDCA,ESTADOS UNIDOS,425,SAN TELMO,COMUNA 1,"ESTADOS UNIDOS 425, CABA",-58.371904,-34.618453,,,,,,,
CENTRO CULTURAL,CECAM - CENTRO CULTURAL DE LAS ARTES DEL MOVIMIENTO,CHILE,2958,BALVANERA,COMUNA 3,"CHILE 2958, CABA",-58.407335,-34.6189374,+54 11 5853-4817,,,,,,
CENTRO CULTURAL,CENTRAL DE CREACIÓN,"CALVO, CARLOS",2241,SAN CRISTOBAL,COMUNA 3,"CALVO, CARLOS 2241, CABA",-58.39775,-34.62071,,,,,,,
CENTRO CULTURAL,CENTRO ARZUANO MELLIDENSE - CAM -,COCHABAMBA,3245,SAN CRISTOBAL,COMUNA 3,"COCHABAMBA 3245, CABA",-58.411099,-34.62635,4957-0518,ARZUANOMELLIDENSE@GMAIL.COM,https://sites.google.com/site/centroarzuanomellidense/?fbclid=IwAR2fg3c2gE7k5azBtRhYQTC2G7D_cKL74SvBBQx3UqWJzS8WCCsloe3va1A,WWW.FACEBOOK.COM/CENTROARZUANOMELLIDENSE/,,,0
CENTRO CULTURAL,CENTRO BARRIAL Y SOCIAL INDEPENDENCIA,INDEPENDENCIA AV.,2781,BALVANERA,COMUNA 3,"INDEPENDENCIA AV. 2781, CABA",-58.40468,-34.61899,,,,,,,
CENTRO CULTURAL,CENTRO BURGALÉS,RIVADAVIA AV.,5764,CABALLITO,COMUNA 6,"RIVADAVIA AV. 5764, CABA",-58.44664,-34.62286,,,,,,,
CENTRO CULTURAL,CENTRO CULTURAL “EL LIMONERO”,"SALGUERO, JERONIMO",668,ALMAGRO,COMUNA 5,"SALGUERO, JERONIMO 668, CABA",-58.4195193,-34.6025684,,,,,,,
CENTRO CULTURAL,CENTRO CULTURAL 25 DE MAYO,TRIUNVIRATO AV.,4444,VILLA URQUIZA,COMUNA 12,"TRIUNVIRATO AV. 4444, CABA",-58.483568,-34.576177,4524-7997,CC25COMUNICACION@GMAIL.COM,WWW.CC25.ORG,WWW.FACEBOOK.COM/CC25DEMAYO/,,,466
CENTRO CULTURAL,CENTRO CULTURAL ADAN BUENOS AIRES,PERON. EVA AV.,1400,PARQUE CHACABUCO,COMUNA 7,"PERON, EVA AV. 1400, CABA",-58.444713,-34.63287,4925-3184,,,WWW.FACEBOOK.COM/ESPACIO-CULTURAL-ADAN-BUENOSAYRES-1497640640499732/,,,284
CENTRO CULTURAL,CENTRO CULTURAL AL CARAJO,"CALVO, CARLOS AV.",3963,BOEDO,COMUNA 5,"CALVO, CARLOS AV. 3963, CABA",-58.42151,-34.6247,,,,,,,
CENTRO CULTURAL,CENTRO CULTURAL ALBERTO OLMEDO,VIALE. LUIS,1052,CABALLITO,COMUNA 6,"VIALE, LUIS 1052, CABA",-58.453307,-34.608173,4581-8369,CCALBERTOOLMEDO@HOTMAIL.COM,HTTP://WWW.BUENOSAIRES.GOB.AR/AREAS/CULTURA/CEN_CULTURALES/PROG_BARRIOS.PHP,,,,0
CENTRO CULTURAL,CENTRO CULTURAL ALFONSINA STORNI,TUCUMAN,3233,BALVANERA,COMUNA 3,"TUCUMAN 3233, CABA",-58.411616,-34.600328,4862-1275,CCALFONSINASTORNI@HOTMAIL.COM,HTTP://WWW.BUENOSAIRES.GOB.AR/AREAS/CULTURA/CEN_CULTURALES/PROG_BARRIOS.PHP,,,,0
CENTRO CULTURAL,CENTRO CULTURAL AMERINDIA,LA RIOJA,641,BALVANERA,COMUNA 3,"LA RIOJA 641, CABA",-58.4081767,-34.6178215,+54 11 5858-4565,,,,,,
CENTRO CULTURAL,CENTRO CULTURAL ANIBAL TROILO,GORRITI,5740,PALERMO,COMUNA 14,"GORRITI 5740, CABA",-58.438771,-34.583805,4771-6292,CULTURALANIBALTROILO@HOTMAIL.COM,HTTP://WWW.BUENOSAIRES.GOB.AR/AREAS/CULTURA/CEN_CULTURALES/PROG_BARRIOS.PHP,,,,0
CENTRO CULTURAL,CENTRO CULTURAL ANTONIO DEVOTO,SANABRIA,2440,MONTE CASTRO,COMUNA 10,"SANABRIA 2440, CABA",-58.5040001,-34.6139286,+54 11 4639-4191,,,,,,
CENTRO CULTURAL,CENTRO CULTURAL ANTONIO TALERICO,"BERG, CARLOS",3387,VILLA SOLDATI,COMUNA 8,"BERG, CARLOS 3387, CABA",-58.42936,-34.65948,,,,,,,
CENTRO CULTURAL,CENTRO CULTURAL ARGENTINO CROATA DE SAN TELMO,BOLIVAR,1556,SAN TELMO,COMUNA 1,"BOLIVAR 1556, CABA",-58.37255,-34.62603,,,,,,,
CENTRO CULTURAL,CENTRO CULTURAL ARMOZA,MILLER,3036,VILLA URQUIZA,COMUNA 12,"MILLER 3036, CABA",-58.4851074,-34.566545,+54 11 5017-7701,,,,,,
CENTRO CULTURAL,CENTRO CULTURAL ARTES DE PARQUE CHACABUCO,CACHIMAYO,1657,PARQUE CHACABUCO,COMUNA 7,"CACHIMAYO 1657, CABA",-58.436141,-34.638307,4921-5445,ARTES.CENTROCULTURAL@GMAIL.COM,HTTP://WWW.BUENOSAIRES.GOB.AR/AREAS/CULTURA/CEN_CULTURALES/PROG_BARRIOS.PHP,,,,0
CENTRO CULTURAL,CENTRO CULTURAL ASOCIACION MUTUAL HOMERO MANZI,BELGRANO AV.,3540,ALMAGRO,COMUNA 5,"BELGRANO AV. 3540, CABA",-58.416253,-34.615725,4956 2265,MUTUALHOMEROMANZI@HOTMAIL.COM,WWW.MUTUALHOMEROMANZI.BLOGSPOT.COM,,,,150
CENTRO CULTURAL,CENTRO CULTURAL BALDOMERO FERNÁNDEZ MORENO,MERCEDES,1405,FLORESTA,COMUNA 10,"MERCEDES 1405, CABA",-58.492288,-34.621553,4566-3743,,,,,,0
CENTRO CULTURAL,CENTRO CULTURAL BARRIAL GENESIS,IBERA,6085,VILLA URQUIZA,COMUNA 12,"IBERA 6085, CABA",-58.501989,-34.573005,4573-3924,CENTROCULTURALGENESIS@YAHOO.COM.AR,WWW.CULTURALGENESIS.COM.AR,,,,0
CENTRO CULTURAL,CENTRO CULTURAL BARRIO COPELLO,DELLEPIANE. LUIS. TTE. GRAL.,4900,VILLA LUGANO,COMUNA 8,"DELLEPIANE, LUIS, TTE. GRAL. 4900, CABA",-58.473531,-34.666544,4602-4740,CENTROCULTURALCOPELLO@HOTMAIL.COM,HTTP://WWW.BUENOSAIRES.GOB.AR/AREAS/CULTURA/CEN_CULTURALES/PROG_BARRIOS.PHP,,,,0
CENTRO CULTURAL,CENTRO CULTURAL BARRIO RIVADAVIA,LAS CARACOLAS,200,FLORESTA,COMUNA 10,"LAS CARACOLAS 200, CABA",-58.4922888,-34.6215538,4632-9683,,,,,,0
CENTRO CULTURAL,CENTRO CULTURAL BELGRANO,LA PAMPA,3855,VILLA URQUIZA,COMUNA 12,"LA PAMPA 3855, CABA",-58.468626,-34.573154,4552-0867,CCBELGRANO@HOTMAIL.COM,HTTP://WWW.BUENOSAIRES.GOB.AR/AREAS/CULTURA/CEN_CULTURALES/PROG_BARRIOS.PHP,,,,0
CENTRO CULTURAL,CENTRO CULTURAL BONPLAND,BONPLAND,1660,PALERMO,COMUNA 14,"BONPLAND 1660, CABA",-58.4380696,-34.5835219,,,,,,,
CENTRO CULTURAL,CENTRO CULTURAL BORGES,VIAMONTE,525,SAN NICOLAS,COMUNA 1,"VIAMONTE 525, CABA",-58.374699,-34.599801,5555-5359,INFO@CCBORGES.ORG.AR,WWW.CCBORGES.ORG.AR,WWW.FACEBOOK.COM/CCBORGES,@CENTROBORGES,https://www.instagram.com/centro_cultural_borges/,160
CENTRO CULTURAL,CENTRO CULTURAL BUDA BAR,COSTA RICA,4659,PALERMO,COMUNA 14,"COSTA RICA 4659, CABA",-58.426697,-34.588321,4805-9725 / 6806-3555,AMIGARZABAL@GMAIL.COM,,,,,500
CENTRO CULTURAL,CENTRO CULTURAL CARAS Y CARETAS,REPUBLICA BOLIVARIANA DE VENEZUELA,330,MONSERRAT,COMUNA 1,"REPUBLICA BOLIVARIANA DE VENEZUELA 330, CABA",-58.37096,-34.61361,5354-6618,CENTROCULTURAL@CARASYCARETAS.ORG.AR,WWW.CARASYCARETAS.ORG,,,,0
CENTRO CULTURAL,CENTRO CULTURAL CASIOPEA,ZAVALETA,443,PARQUE PATRICIOS,COMUNA 4,"ZAVALETA 443, CABA",-58.40262,-34.64229,,,,,,,
CENTRO CULTURAL,CENTRO CULTURAL CEPAS,"TAMBORINI, JOSE PASCUAL",3378,VILLA URQUIZA,COMUNA 12,"TAMBORINI, JOSE PASCUAL 3378, CABA",-58.4829968,-34.5618933,,,,,,,
CENTRO CULTURAL,CENTRO CULTURAL CEPNA,MURGUIONDO,4361,VILLA LUGANO,COMUNA 8,"MURGUIONDO 4361, CABA",-58.473953,-34.67835,4638-2517,CCCEPNA@YAHOO.COM.AR,HTTP://WWW.BUENOSAIRES.GOB.AR/AREAS/CULTURA/CEN_CULTURALES/PROG_BARRIOS.PHP,,,,0
CENTRO CULTURAL,CENTRO CULTURAL COFA,"QUINTANA, MANUEL, PRES.",161,RETIRO,COMUNA 1,"QUINTANA, MANUEL, PRES. 161, CABA",-58.38657,-34.59106,,,,,,,
CENTRO CULTURAL,CENTRO CULTURAL COLEGIALES,CONDE,943,COLEGIALES,COMUNA 13,"CONDE 943, CABA",-58.452345,-34.576542,4552-1228,CCCOLEGIALES@HOTMAIL.COM,HTTP://WWW.BUENOSAIRES.GOB.AR/AREAS/CULTURA/CEN_CULTURALES/PROG_BARRIOS.PHP,,,,0
CENTRO CULTURAL,CENTRO CULTURAL COREANO,MAIPU,972,RETIRO,COMUNA 1,"MAIPU 972, CABA",-58.376987,-34.596661,43233472,CCCOREANOARG@GMAIL.COM,http://argentina.korean-culture.org/,https://www.facebook.com/CC.Coreano/,@CC_coreano,https://www.instagram.com/centroculturalcoreano/,0
CENTRO CULTURAL,CENTRO CULTURAL DE ARTE Y MOVIMIENTO - BAILABA!,SCALABRINI ORTIZ. RAUL AV.,540,VILLA CRESPO,COMUNA 15,"SCALABRINI ORTIZ, RAUL AV. 540, CABA",-58.436202,-34.59812,6748-7167,ALDOMARIANO@WEBZERO.COM.AR,,,,,200
CENTRO CULTURAL,CENTRO CULTURAL DE ESPAÑA EN BUENOS AIRES,PARANA,1159,RECOLETA,COMUNA 2,"PARANA 1159, CABA",-58.388443,-34.595287,4312-4314 / 5850,INFO@CCEBA.ORG.AR,WWW.CCEBA.ORG.AR,https://www.facebook.com/cceba.ar,@CCEBA,https://www.instagram.com/cceba_ar/,0
CENTRO CULTURAL,CENTRO CULTURAL DE LA CIENCIA,GODOY CRUZ,2270,PALERMO,COMUNA 14,"GODOY CRUZ 2270, CABA",-58.429047,-34.582983,,CONTACTO@CCCIENCIA.GOB.AR,http://ccciencia.gob.ar/,https://www.facebook.com/CCdelaCiencia/,@CCDELACIENCIA,https://www.instagram.com/ccdelaciencia/,0
CENTRO CULTURAL,CENTRO CULTURAL DE LA COOPERACIÓN FLOREAL GORINI,CORRIENTES AV.,1543,SAN NICOLAS,COMUNA 1,"CORRIENTES AV. 1543, CABA",-58.388541,-34.60415,5077-8000,SECRETARIA@CENTROCULTURAL.COOP,WWW.CENTROCULTURAL.COOP,https://www.facebook.com/CentroCulturalCooperacion,@AGENDACCC,https://www.instagram.com/centroculturaldelacooperacion/,771
CENTRO CULTURAL,CENTRO CULTURAL DE LA INDIA GÜNGUR,"CABRERA, JOSE A.",4175,PALERMO,COMUNA 14,"CABRERA, JOSE A. 4175, CABA",-58.424526,-34.595701,,,,,,,
CENTRO CULTURAL,CENTRO CULTURAL DE LA MEMORIA HAROLDO CONTI,DEL LIBERTADOR AV.,8151,NUÑEZ,COMUNA 13,"DEL LIBERTADOR AV. 8151, CABA",-58.464081,-34.540287,4702-7777,PRENSACONTI@GMAIL.COM,WWW.CONTI.DERHUMAN.JUS.GOV.AR,WWW.FACEBOOK.COM/CENTROCULTURALCONTI/,,,0
CENTRO CULTURAL,CENTRO CULTURAL DE LA REPÚBLICA DEL PARAGUAY,TUCUMAN,1833,BALVANERA,COMUNA 3,"TUCUMAN 1833, CABA",-58.3930927,-34.6019193,,,,,,,
CENTRO CULTURAL,CENTRO CULTURAL DE LOS ARTISTAS,MAGALLANES,859,BOCA,COMUNA 4,"MAGALLANES 859, CABA",-58.362675,-34.639671,4301-1080,,,,,,0
CENTRO CULTURAL,CENTRO CULTURAL DEBORAH FERNÁNDEZ,QUITO,4231,ALMAGRO,COMUNA 5,"QUITO 4231, CABA",-58.4179219,-34.6126274,+54 11 2347-9678,,,,,,
CENTRO CULTURAL,CENTRO CULTURAL DEL BAJO FLORES,RIESTRA AV.,1650,NUEVA POMPEYA,COMUNA 4,"RIESTRA AV. 1650, CABA",-58.432802,-34.645388,4921-7731,CCDELBAJOFLORES@HOTMAIL.COM,HTTP://WWW.BUENOSAIRES.GOB.AR/AREAS/CULTURA/CEN_CULTURALES/PROG_BARRIOS.PHP,,,,0
CENTRO CULTURAL,CENTRO CULTURAL DEL PARTIDO DE LA ESTRADA,MEXICO,2849,BALVANERA,COMUNA 3,"MEXICO 2849, CABA",-58.406092,-34.617615,4931-7008,PARTIDOAESTRADA@GMAIL.COM,,WWW.FACEBOOK.COM/LA-ESTRADA-EN-BUENOS-AIRES-576243702400618/,,,0
CENTRO CULTURAL,CENTRO CULTURAL DEVOTO,NUEVA YORK,4169,VILLA DEVOTO,COMUNA 11,"NUEVA YORK 4169, CABA",-58.513342,-34.601166,4501-0449 /4502-2684,CCDEVOTOVILLADELPARQUE@HOTMAIL.COM,HTTP://WWW.BUENOSAIRES.GOB.AR/AREAS/CULTURA/CEN_CULTURALES/PROG_BARRIOS.PHP,,,,0
CENTRO CULTURAL,CENTRO CULTURAL DISCEPOLIN,TRONADOR,4134,SAAVEDRA,COMUNA 12,"TRONADOR 4134, CABA",-58.486795,-34.552703,4541-6001,CCDISCEPOLIN@YAHOO.COM.AR,HTTP://WWW.BUENOSAIRES.GOB.AR/AREAS/CULTURA/CEN_CULTURALES/PROG_BARRIOS.PHP,,,,0
CENTRO CULTURAL,CENTRO CULTURAL E INFORMATIVO DE LA EMBAJADA DE JAPON,BOUCHARD,547,SAN NICOLAS,COMUNA 1,"BOUCHARD 547, CABA",-58.369143,-34.60147,,CENTRO-INFO@JAPAN.ORG.AR,WWW.AR.EMB-JAPAN.GO.JP,,,,0
CENTRO CULTURAL,CENTRO CULTURAL EL CANTARO,CASEROS AV.,2516,PARQUE PATRICIOS,COMUNA 4,"CASEROS AV. 2516, CABA",-58.397696,-34.635758,6351-8395,CCELCANTARO@GMAIL.COM,,https://www.facebook.com/ccelcantaro/,,,0
CENTRO CULTURAL,CENTRO CULTURAL EL DESEO,SAAVEDRA,569,BALVANERA,COMUNA 3,"SAAVEDRA 569, CABA",-58.402809,-34.61634,4941-4954,CCELDESEO@GMAIL.COM,,WWW.FACEBOOK.COM/CENTROCULTURALELDESEO/,,,60
CENTRO CULTURAL,CENTRO CULTURAL EL ETERNAUTA,LOBOS. ELEODORO. DR.,437,CABALLITO,COMUNA 6,"LOBOS, ELEODORO, DR. 437, CABA",-58.436312,-34.612843,4982-9706,CCELETERNAUTA@YAHOO.COM.AR,HTTP://WWW.BUENOSAIRES.GOB.AR/AREAS/CULTURA/CEN_CULTURALES/PROG_BARRIOS.PHP,,,,0
CENTRO CULTURAL,CENTRO CULTURAL EL SUEÑERO,TOMAS LIBERTI,1133,BOCA,COMUNA 4,"LIBERTI, TOMAS 1133, CABA",-58.369571,-34.6316,4307-9980,VHVARGAS2003@YAHOO.COM.AR INFO@CCELSUENIERO.COM.AR,http://elsueniero.org.ar,https://www.facebook.com/CCElSueniero/,@CCElsueniero,https://www.instagram.com/ccelsueniero/,60
CENTRO CULTURAL,CENTRO CULTURAL EL SURCO,BOEDO AV.,830,BOEDO,COMUNA 5,"BOEDO AV. 830, CABA",-58.416253,-34.62282,3967-4545 / 5644-5450,INFOELSURCO@GMAIL.COM,,https://www.facebook.com/ElSurcoenSL/,,https://www.instagram.com/ccelsurco/,0
CENTRO CULTURAL,CENTRO CULTURAL EL TALLER,GONZALEZ. ELPIDIO,4967,MONTE CASTRO,COMUNA 10,"GONZALEZ, ELPIDIO 4967, CABA",-58.505319,-34.623983,,CCELTALLER@GMAIL.COM,HTTP://WWW.BUENOSAIRES.GOB.AR/AREAS/CULTURA/CEN_CULTURALES/PROG_BARRIOS.PHP,,,,0
CENTRO CULTURAL,CENTRO CULTURAL ELADIA BLAZQUEZ,RABANAL. FRANCISCO. INTENDENTE AV.,2275,VILLA SOLDATI,COMUNA 8,"RABANAL, FRANCISCO, INTENDENTE AV. 2275, CABA",-58.428936,-34.659592,4918-4803,CCELADIABLAZQUEZ@HOTMAIL.COM,HTTP://WWW.BUENOSAIRES.GOB.AR/AREAS/CULTURA/CEN_CULTURALES/PROG_BARRIOS.PHP,,,,0
CENTRO CULTURAL,CENTRO CULTURAL ELÍAS CASTELNUOVO,MONTIEL,1041,LINIERS,COMUNA 9,"MONTIEL 1041, CABA",-58.525719,-34.650684,4641-3921,,,,,,0
CENTRO CULTURAL,CENTRO CULTURAL FORTUNATO LACAMERA,SAN JUAN AV.,353,SAN TELMO,COMUNA 1,"SAN JUAN AV. 353, CABA",-58.370297,-34.621695,4361-6823,CCFORTUNATOLACAMERA@HOTMAIL.COM,HTTP://WWW.BUENOSAIRES.GOB.AR/AREAS/CULTURA/CEN_CULTURALES/PROG_BARRIOS.PHP,,,,0
CENTRO CULTURAL,CENTRO CULTURAL HOMERO MANZI,TILCARA,3365,NUEVA POMPEYA,COMUNA 4,"TILCARA 3365, CABA",-58.420409,-34.654745,4918-7654,CCHOMEROMANZI@HOTMAIL.COM,HTTP://WWW.BUENOSAIRES.GOB.AR/AREAS/CULTURA/CEN_CULTURALES/PROG_BARRIOS.PHP,,,,0
CENTRO CULTURAL,CENTRO CULTURAL ISLAMICO,BULLRICH. INT. AV.,55,PALERMO,COMUNA 14,"BULLRICH, INT. AV. 55, CABA",-58.424409,-34.573125,4889-0960,INFO@CCIAR.COM,WWW.CCISLAMICOREYFAHD.ORG.AR,,,,0
CENTRO CULTURAL,CENTRO CULTURAL JUAN CARLOS CASTAGNINO,2 DE ABRIL DE 1982,6997,VILLA LUGANO,COMUNA 8,"2 DE ABRIL DE 1982 6997, CABA",-58.495074,-34.678729,4601-5838,CCJCCASTAGNINO@HOTMAIL.COM,HTTP://WWW.BUENOSAIRES.GOB.AR/AREAS/CULTURA/CEN_CULTURALES/PROG_BARRIOS.PHP,,,,0
CENTRO CULTURAL,CENTRO CULTURAL JULIO CORTAZAR,O'HIGGINS,3050,NUÑEZ,COMUNA 13,"O'HIGGINS 3050, CABA",-58.460882,-34.551067,4701-3400,CCJULIOCORTAZAR@GMAIL.COM,HTTP://WWW.BUENOSAIRES.GOB.AR/AREAS/CULTURA/CEN_CULTURALES/PROG_BARRIOS.PHP,,,,0
CENTRO CULTURAL,CENTRO CULTURAL KIRCHNER - CCK,SARMIENTO,151,SAN NICOLAS,COMUNA 1,"SARMIENTO 151, CABA",-58.369377,-34.604238,0800-333-9300,,HTTP://WWW.CULTURALKIRCHNER.GOB.AR/,https://www.facebook.com/elCCKoficial,@elCCKoficial,https://www.instagram.com/elCCKoficial/,0
CENTRO CULTURAL,CENTRO CULTURAL LA BOCA DEL RIACHUELO,CABOTO,593,BOCA,COMUNA 4,"CABOTO 593, CABA",-58.3587193,-34.6293098,+54 11 4300-5707,,,,,,
CENTRO CULTURAL,CENTRO CULTURAL LA CASITA DE LA SELVA,LA SELVA,4022,VELEZ SARSFIELD,COMUNA 10,"LA SELVA 4022, CABA",-58.482318,-34.637832,4672-5708,CCLASELVA@GMAIL.COM,HTTP://WWW.BUENOSAIRES.GOB.AR/AREAS/CULTURA/CEN_CULTURALES/PROG_BARRIOS.PHP,https://www.facebook.com/lacasitadelaselva/,,,70
CENTRO CULTURAL,CENTRO CULTURAL LA CASONA DE ARENA,ALMAFUERTE AV.,735,NUEVA POMPEYA,COMUNA 4,"ALMAFUERTE AV. 735, CABA",-58.41484,-34.64605,,,,,,,
CENTRO CULTURAL,CENTRO CULTURAL LA PATERNAL - VILLA MITRE,CARACAS,1249,VILLA GRAL. MITRE,COMUNA 11,"CARACAS 1249, CABA",-58.467173,-34.616134,4581-1874,CC-LAPATERNAL@YAHOO.COM.AR,HTTP://WWW.BUENOSAIRES.GOB.AR/AREAS/CULTURA/CEN_CULTURALES/PROG_BARRIOS.PHP,,,,0
CENTRO CULTURAL,CENTRO CULTURAL LA USINA,SANTO DOMINGO,2752,BARRACAS,COMUNA 4,"SANTO DOMINGO 2752, CABA",-58.385351,-34.653559,4301-8766,LAUSINA@YAHOO.COM.AR,HTTP://WWW.BUENOSAIRES.GOB.AR/AREAS/CULTURA/CEN_CULTURALES/PROG_BARRIOS.PHP,,,,0
CENTRO CULTURAL,CENTRO CULTURAL LEOPOLDO GONZALEZ,INDEPENDENCIA AV.,446,SAN TELMO,COMUNA 1,"INDEPENDENCIA AV. 446, CABA",-58.372328,-34.617272,,,,,,,0
CENTRO CULTURAL,CENTRO CULTURAL LEZICA,LEZICA,4266,ALMAGRO,COMUNA 5,"LEZICA 4266, CABA",-58.4263408,-34.6125243,+54 11 2678-8784,,,,,,
CENTRO CULTURAL,CENTRO CULTURAL LINO E. SPILIMBERGO,PEREZ. ROQUE,3545,SAAVEDRA,COMUNA 12,"PEREZ, ROQUE 3545, CABA",-58.478158,-34.555563,4542-9918,CCSPILIMBERGO@YAHOO.COM.AR,HTTP://WWW.BUENOSAIRES.GOB.AR/AREAS/CULTURA/CEN_CULTURALES/PROG_BARRIOS.PHP,,,,0
CENTRO CULTURAL,CENTRO CULTURAL LITO CRUZ,PARANA,628,SAN NICOLAS,COMUNA 1,"PARANA 628, CABA",-58.3882311,-34.6013381,+54 11 4157-8979,,,,,,
CENTRO CULTURAL,CENTRO CULTURAL LOLA MORA,RIO DE JANEIRO,946,CABALLITO,COMUNA 6,"RIO DE JANEIRO 946, CABA",-58.432036,-34.604391,4983-5877 / 4862-7245,CCLOLAMORA@GMAIL.COM,HTTP://WWW.BUENOSAIRES.GOB.AR/AREAS/CULTURA/CEN_CULTURALES/PROG_BARRIOS.PHP,,,,0
CENTRO CULTURAL,CENTRO CULTURAL LOS CHIFLADOS DE BOEDO,SAN JUAN AV.,3545,BOEDO,COMUNA 5,"SAN JUAN AV. 3545, CABA",-58.4152204,-34.6251489,+54 11 4932-7657,,,,,,
CENTRO CULTURAL,CENTRO CULTURAL MACEDONIA,SARMIENTO,3632,ALMAGRO,COMUNA 5,"SARMIENTO 3632, CABA",-58.416488,-34.605637,,,,,,,
CENTRO CULTURAL,CENTRO CULTURAL MACEDONIO FERNANDEZ,LEGUIZAMON. MARTINIANO,1470,MATADEROS,COMUNA 9,"LEGUIZAMON, MARTINIANO 1470, CABA",-58.508513,-34.652398,4687-0063,CCMACEDONIO@GMAIL.COM,HTTP://WWW.BUENOSAIRES.GOB.AR/AREAS/CULTURA/CEN_CULTURALES/PROG_BARRIOS.PHP,,,,0
CENTRO CULTURAL,CENTRO CULTURAL MARÍA REMEDIOS DEL VALLE,HOMERO,1001,PARQUE AVELLANEDA,COMUNA 9,"HOMERO 1001, CABA",-58.48895,-34.64784,,,,,,,
CENTRO CULTURAL,CENTRO CULTURAL MATTA - EMBAJADA DE CHILE,TAGLE,2772,PALERMO,COMUNA 14,"TAGLE 2772, CABA",-58.39849,-34.5812,,,,,,,
CENTRO CULTURAL,CENTRO CULTURAL MIGUEL MIRANDA,"LUCA, ESTEBAN DE",2270,PARQUE PATRICIOS,COMUNA 4,"LUCA, ESTEBAN DE 2270, CABA",-58.40217,-34.63605,,,,,,,
CENTRO CULTURAL,CENTRO CULTURAL MUSICLETA,AGUIRRE,489,VILLA CRESPO,COMUNA 15,"AGUIRRE 489, CABA",-58.4352456,-34.5979346,+54 11 6307-7099,,,,,,
CENTRO CULTURAL,CENTRO CULTURAL NEVILLE,PAYSANDU,1483,CABALLITO,COMUNA 6,"PAYSANDU 1483, CABA",-58.4563144,-34.6073193,+54 11 6324-6231,,,,,,
CENTRO CULTURAL,CENTRO CULTURAL NICOLÁS OLIVARI,CASTRO,954,BOEDO,COMUNA 5,"CASTRO 954, CABA",-58.42049,-34.623842,4931-1524,CCBOEDO@HOTMAIL.COM,HTTP://WWW.BUENOSAIRES.GOB.AR/AREAS/CULTURA/CEN_CULTURALES/PROG_BARRIOS.PHP,,,,0
CENTRO CULTURAL,CENTRO CULTURAL NUESTRA TIERRA,IRIARTE. GRAL. AV.,3500,BARRACAS,COMUNA 4,"IRIARTE, GRAL. AV. 3500, CABA",-58.39662,-34.65143,4302-4324,LUISABOGGI@YAHOO.COM.AR,WWW.BUENOSAIRES.GOB.AR/AREAS/CULTURA/CEN_CULTURALES/PROG_BARRIOS.PHP,,,,0
CENTRO CULTURAL,CENTRO CULTURAL OSVALDO PUGLIESE,ARAOZ,234,VILLA CRESPO,COMUNA 15,"ARAOZ 234, CABA",-58.439042,-34.601087,4854-6778,CCULTURALPUGLIESE@GMAIL.COM,HTTP://WWW.BUENOSAIRES.GOB.AR/AREAS/CULTURA/CEN_CULTURALES/PROG_BARRIOS.PHP,,,,0
CENTRO CULTURAL,CENTRO CULTURAL PACO URONDO,25 DE MAYO,201,SAN NICOLAS,COMUNA 1,"25 DE MAYO 201, CABA",-58.370908,-34.605306,4342-5922,CENTROCULTURALPACOURONDO@FILO.UBA.AR,WWW.PACOURONDO.FILO.UBA.AR,WWW.FACEBOOK.COM/CCPACOURONDO,,,0
CENTRO CULTURAL,CENTRO CULTURAL PKR,SANTA FE AV.,2520,RECOLETA,COMUNA 2,"SANTA FE AV. 2520, CABA",-58.402618,-34.594489,+54 11 5709-8998,,,,,,
CENTRO CULTURAL,CENTRO CULTURAL PLANETA,"JUSTO, JUAN B. AV.",6369,VILLA SANTA RITA,COMUNA 11,"JUSTO, JUAN B. AV. 6369, CABA",-58.4824704,-34.6230753,+54 11 2319-1410,,,,,,
CENTRO CULTURAL,CENTRO CULTURAL POETA ROBERTO SANTORO,GIRIBONE,1961,VILLA ORTUZAR,COMUNA 15,"GIRIBONE 1961, CABA",-58.469075,-34.57938,4552-1690,CCROBERTOSANTORO@YAHOO.COM.AR,HTTP://WWW.BUENOSAIRES.GOB.AR/AREAS/CULTURA/CEN_CULTURALES/PROG_BARRIOS.PHP,,,,0
CENTRO CULTURAL,CENTRO CULTURAL RECOLETA,JUNIN,1930,RECOLETA,COMUNA 2,"JUNIN 1930, CABA",-58.391578,-34.586496,4803-1040,,WWW.CENTROCULTURALRECOLETA.ORG,WWW.FACEBOOK.COM/CENTROCULTURALRECOLETA/,@ELRECOLETA,https://www.instagram.com/elrecoleta/,100
CENTRO CULTURAL,CENTRO CULTURAL RICARDO ROJAS,CORRIENTES AV.,2038,BALVANERA,COMUNA 3,"CORRIENTES AV. 2038, CABA",-58.395865,-34.604591,,ADMINCULTURA@REC.UBA.AR,http://www.rojas.uba.ar/,https://www.facebook.com/elrojasuba?ref=hl,@ELROJASUBA,https://www.instagram.com/elrojasuba/,0
CENTRO CULTURAL,CENTRO CULTURAL RICHARDS,HONDURAS,5272,PALERMO,COMUNA 14,"HONDURAS 5272, CABA",-58.432686,-34.587078,,centroculturalrichards@gmail.com,https://ccrichards.com,,,,0
CENTRO CULTURAL,CENTRO CULTURAL ROBERTO ARLT,AV. AVELLANEDA,2547,FLORES,COMUNA 7,"AVELLANEDA AV. 2547, CABA",-58.466949,-34.624834,4613-8304,,,,,,0
CENTRO CULTURAL,CENTRO CULTURAL SALADIYO,BERON DE ASTRADA,5920,VILLA LUGANO,COMUNA 8,"BERON DE ASTRADA 5920, CABA",-58.463126,-34.688302,4605-0785,CCSALADIYO@GMAIL.COM,HTTP://WWW.BUENOSAIRES.GOB.AR/AREAS/CULTURA/CEN_CULTURALES/PROG_BARRIOS.PHP,,,,0
CENTRO CULTURAL,CENTRO CULTURAL SAN MARTIN,SARMIENTO,1551,SAN NICOLAS,COMUNA 1,"SARMIENTO 1551, CABA",-58.388586,-34.605371,4374-1251 AL 59,CCGSM@BUENOSAIRES.GOB.AR,HTTP://WWW.CENTROCULTURALSANMARTIN.COM,,,,0
CENTRO CULTURAL,CENTRO CULTURAL SEBASTIAN PIANA,PUAN,360,CABALLITO,COMUNA 6,"PUAN 360, CABA",-58.447218,-34.626874,4432-4515,CCSPIANA@HOTMAIL.COM,HTTP://WWW.BUENOSAIRES.GOB.AR/AREAS/CULTURA/CEN_CULTURALES/PROG_BARRIOS.PHP,,,,0
CENTRO CULTURAL,CENTRO CULTURAL SEFARAD,"SEGUI, F. J., ALTE.",2160,PATERNAL,COMUNA 15,"SEGUI, F. J., ALTE. 2160, CABA",-58.4624611,-34.6013357,+54 11 4581-5138,,,,,,
CENTRO CULTURAL,CENTRO CULTURAL SOFÍA GEMPEL ARTE,NOGOYA,3455,VILLA DEL PARQUE,COMUNA 11,"NOGOYA 3455, CABA",-58.495992,-34.605267,,,,,,,
CENTRO CULTURAL,CENTRO CULTURAL SUREDA,ROSARIO,242,CABALLITO,COMUNA 6,"ROSARIO 242, CABA",-58.4324588,-34.6189396,,,,,,,
CENTRO CULTURAL,CENTRO CULTURAL TATO BORES,SOLER,3929,PALERMO,COMUNA 14,"SOLER 3929, CABA",-58.417256,-34.591856,4824-6364,CENTROCULTURALTATOBORES@YAHOO.COM.AR,HTTP://WWW.BUENOSAIRES.GOB.AR/AREAS/CULTURA/CEN_CULTURALES/PROG_BARRIOS.PHP,,,,0
CENTRO CULTURAL,CENTRO CULTURAL THAMES,THAMES,1426,PALERMO,COMUNA 14,"THAMES 1426, CABA",-58.43283,-34.58912,,,,,,,
CENTRO CULTURAL,CENTRO CULTURAL TRAICIONALISTA EL FORTIN DE CELIA ROCHA,CHASCOMUS,5240,MATADEROS,COMUNA 9,"CHASCOMUS 5240, CABA",-58.493842,-34.65166,,,,,,,0
CENTRO CULTURAL,"CENTRO CULTURAL VECINAL DE SAAVEDRA Y BIBLIOTECA ""25 DE MAYO""","BALBIN, RICARDO, DR. AV.",4221,SAAVEDRA,COMUNA 12,"BALBIN, RICARDO, DR. AV. 4221, CABA",-58.49181,-34.55506,,,,,,,
CENTRO CULTURAL,CENTRO CULTURAL VERSALLES,BRUSELAS,785,VERSALLES,COMUNA 10,"BRUSELAS 785, CABA",-58.522807,-34.628456,4641-2722,CCVERSALLES@YAHOO.COM,HTTP://WWW.BUENOSAIRES.GOB.AR/AREAS/CULTURA/CEN_CULTURALES/PROG_BARRIOS.PHP,,,,0
CENTRO CULTURAL,CENTRO CULTURAL Y DE CAPACITACIÓN PROF. DR. RAMÓN CARRILLO,REPUBLICA BOLIVARIANA DE VENEZUELA,1283,MONSERRAT,COMUNA 1,"REPUBLICA BOLIVARIANA DE VENEZUELA 1283, CABA",-58.38426,-34.61443,,,,,,,
CENTRO CULTURAL,CENTRO CULTURAL Y SOCIAL ANIBAL FERREYRO,DONIZETTI,59,VILLA LURO,COMUNA 10,"DONIZETTI 59, CABA",-58.4965,-34.63757,,,,,,,
CENTRO CULTURAL,CENTRO DE ARTE MOUSEION.,MENDOZA,2470,BELGRANO,COMUNA 13,"MENDOZA 2470, CABA",-58.4581,-34.56148,,,,,,,
CENTRO CULTURAL,CENTRO KULTURAL TRIVENCHI,CASEROS AV.,1712,BARRACAS,COMUNA 4,"CASEROS AV. 1712, CABA",-58.386369,-34.633184,011 4304-0438,cktrivenchi@gmail.com,,https://www.facebook.com/CentroKulturalTrivenchi,,,200
CENTRO CULTURAL,CENTRO LITUANO,TABARE,6950,VILLA RIACHUELO,COMUNA 8,"TABARE 6950, CABA",-58.47395,-34.6943,,,,,,,
CENTRO CULTURAL,CENTRO OKINAWENSE,SAN JUAN AV.,2651,SAN CRISTOBAL,COMUNA 3,"SAN JUAN AV. 2651, CABA",-58.40176,-34.62364,,,,,,,
CENTRO CULTURAL,CENTRO POLITICO CULTURAL EL HORMIGUERO,YRIGOYEN. HIPOLITO,1440,MONSERRAT,COMUNA 1,"YRIGOYEN, HIPOLITO 1440, CABA",-58.386843,-34.610026,4382-3261,,,https://www.facebook.com/CPCElHormiguero/,,https://www.instagram.com/cpc.elhormiguero/,150
CENTRO CULTURAL,CENTRO SALAMANCA RECREATIVO CULTURAL Y S,INDEPENDENCIA AV.,2540,SAN CRISTOBAL,COMUNA 3,"INDEPENDENCIA AV. 2540, CABA",-58.4015542,-34.6189172,+54 11 4942-7498,,,,,,
CENTRO CULTURAL,CENTRO SOCIAL Y CULTURAL CASA CAMBALACHE,DEFENSA,1179,SAN TELMO,COMUNA 1,"DEFENSA 1179, CABA",-58.3714,-34.62158,,,,,,,
CENTRO CULTURAL,CHELA,IGUAZÚ,451,PARQUE PATRICIOS,COMUNA 4,"IGUAZU 451, CABA",-58.405996,-34.642937,,,http://chela.org.ar/,https://www.facebook.com/cheLA.exACTA/,,,0
CENTRO CULTURAL,CHIMERA,TRES ARROYOS,402,VILLA CRESPO,COMUNA 15,"TRES ARROYOS 402, CABA",-58.44871,-34.60241,,,,,,,
CENTRO CULTURAL,CÍRCULO TRENTINO,"SEGUI, F. J., ALTE.",645,CABALLITO,COMUNA 6,"SEGUI, F. J., ALTE. 645, CABA",-58.45533,-34.61741,,,,,,,
CENTRO CULTURAL,CIUDAD CULTURAL KONEX,SARMIENTO,3125,BALVANERA,COMUNA 3,"SARMIENTO 3125, CABA",-58.410398,-34.606634,4864-3200,INFO@CIUDADCULTURALKONEX.ORG,WWW.CCKONEX.ORG,WWW.FACEBOOK.COM/CIUDADCULTURALKONEX/,https://twitter.com/CCKonex,https://www.instagram.com/cckonex/,878
CENTRO CULTURAL,CLASICO FERNANDEZ,PIEDRAS,1020,SAN TELMO,COMUNA 1,"PIEDRAS 1020, CABA",-58.37723,-34.619969,6667-2998,INFO@CLASICOFERNANDEZ.COM.AR,WWW.CLASICOFERNANDEZ.COM.AR,WWW.FACEBOOK.COM/CLASICOFERNANDEZ.COM.AR/?LOCALE2=ES_LA,@CLASICOFERNANDE,https://www.instagram.com/clasicofernandez/,72
CENTRO CULTURAL,CLUB 921,SAN JOSÉ DE CALASANZ,921,PARQUE CHACABUCO,COMUNA 7,"SAN JOSÉ DE CALASANZ 921, CABA",-58.379451,-34.63015,,,,,,https://www.instagram.com/921.casacultural/?utm_medium=copy_link,300
CENTRO CULTURAL,CLUB CULTURAL BULA,BULNES Y LAVALLE,1425,ALMAGRO,COMUNA 5,"BULNES y LAVALLE, CABA",-58.4178402,-34.6000724,,,,,,,
CENTRO CULTURAL,CLUB CULTURAL FAUNA,RIVADAVIA AV.,1134,MONSERRAT,COMUNA 1,"RIVADAVIA AV. 1134, CABA",-58.3825559,-34.608652,+54 9 11 5851-2292,,,,,,
CENTRO CULTURAL,CLUB CULTURAL MARES,EL SALVADOR,5958,PALERMO,COMUNA 14,"EL SALVADOR 5958, CABA",-58.43902,-34.58044,,,,,,,
CENTRO CULTURAL,CLUB CULTURAL MATIENZO,PRINGLES,1249,VILLA CRESPO,COMUNA 15,"PRINGLES 1249, CABA",-58.426303,-34.597323,6526-8080,INFO@CCMATIENZO.COM.AR,WWW.CCMATIENZO.COM.AR,WWW.FACEBOOK.COM/CLUBCULTURALMATIENZO/,@CC_MATIENZO,https://www.instagram.com/ccmatienzo/,400
CENTRO CULTURAL,CLUB PREMIER,CAMPICHUELO,472,CABALLITO,COMUNA 6,"CAMPICHUELO 472, CABA",-58.435204,-34.611906,4982-7637,INFO@CLUBPREMIER.ORG.AR,WWW.CLUBPREMIER.ORG.AR,https://www.facebook.com/pg/clubpremierdecaballito,,,451
CENTRO CULTURAL,CLUB SOCIAL 911,DORREGO AV.,911,CHACARITA,COMUNA 15,"DORREGO AV. 911, CABA",-58.44657,-34.5909,,,,,,,
CENTRO CULTURAL,COMPADRES DEL HORIZONTE,COMBATE DE LOS POZOS,1986,PARQUE PATRICIOS,COMUNA 4,"COMBATE DE LOS POZOS 1986, CABA",-58.39129,-34.63144,,,,,,,
CENTRO CULTURAL,COMPLEJO ARTMEDIA,CORDOBA,6271,CHACARITA,COMUNA 15,"CORDOBA AV. 6271, CABA",-58.448402,-34.582861,,,,,,,
CENTRO CULTURAL,COMPLEJO CULTURAL SANIDAD,REPUBLICA BOLIVARIANA DE VENEZUELA,2255,BALVANERA,COMUNA 3,"REPUBLICA BOLIVARIANA DE VENEZUELA 2255, CABA",-58.398672,-34.614978,4941-1951 / 4308-1853,complejocultural@atsa.org.ar,https://www.atsa.org.ar/ccs/,https://www.facebook.com/ComplejoCulturalSanidad/,,,0
CENTRO CULTURAL,CONCEPTO AMARANTE,USPALLATA,3838,NUEVA POMPEYA,COMUNA 4,"USPALLATA 3838, CABA",-58.41694,-34.64178,,,,,,,
CENTRO CULTURAL,CONGO,HONDURAS,5329,PALERMO,COMUNA 14,"HONDURAS 5329, CABA",-58.43316,-34.586565,4171-3388 / 4827-4987,info@congoclubcultural.com.ar,https://congoclubcultural.com.ar,https://www.facebook.com/congobsas/,https://twitter.com/congobsas,https://www.instagram.com/congobuenosaires/,150
CENTRO CULTURAL,CONSERVATORIO GRASSI URQUIZA,COMBATIENTES DE MALVINAS AV.,3562,VILLA ORTUZAR,COMUNA 15,"COMBATIENTES DE MALVINAS AV. 3562, CABA",-58.476984,-34.578369,5603-3176 / 4523-3637,RAMIROROBALLOS@GMAIL.COM,,,,,50
CENTRO CULTURAL,CONVENTILLO CENTRO CULTURAL DE NELLY,SUAREZ,557,BOCA,COMUNA 4,"SUAREZ 557, CABA",-58.36113,-34.63618,,,,,,,
CENTRO CULTURAL,COOPERATIVA CULTURAL QI,THAMES,240,VILLA CRESPO,COMUNA 15,"THAMES 240, CABA",-58.446262,-34.597627,6299-7637,QUIVILLACRESPO@GMAIL.COM,,https://www.facebook.com/qivillacrespo/,,https://www.instagram.com/qivillacrespo/,100
CENTRO CULTURAL,CUALQUIER LADO,LAS PROVINCIAS,3164,VILLA SANTA RITA,COMUNA 11,"LAS PROVINCIAS 3164, CABA",-58.48036,-34.61873,,,,,,,
CENTRO CULTURAL,CUERDA MECÁNICA CENTRO CULTURAL,JURAMENTO,4686,VILLA URQUIZA,COMUNA 12,"JURAMENTO 4686, CABA",-58.4784385,-34.5749823,+54 11 4524-5438,,,,,,
CENTRO CULTURAL,CULTRUM,TRIUNVIRATO AV.,4205,VILLA URQUIZA,COMUNA 12,"TRIUNVIRATO AV. 4205, CABA",-58.48013,-34.57827,,,,,,,
CENTRO CULTURAL,CULTURA FARO,SUIPACHA,119,SAN NICOLAS,COMUNA 1,"SUIPACHA 119, CABA",-58.37926,-34.60689,,,,,,,
CENTRO CULTURAL,CULTURAL CHAKANA,PAROISSIEN,2215,NUÑEZ,COMUNA 13,"PAROISSIEN 2215, CABA",-58.46805,-34.54572,,,,,,,
CENTRO CULTURAL,CULTURAL MAMITA,ALVAREZ THOMAS AV.,487,COLEGIALES,COMUNA 13,"ALVAREZ THOMAS AV. 487, CABA",-58.449799,-34.58085,,JULIETA.MOLDERO@GMAIL.COM,,,,,450
CENTRO CULTURAL,CULTURAL MORAN,MORAN. PEDRO,2147,AGRONOMIA,COMUNA 15,"MORAN, PEDRO 2147, CABA",-58.487581,-34.587334,3527-6103 / 6163-0530,CONTACTO@CULTURAMORAN.COM,https://www.culturalmoran.com,https://www.facebook.com/culturalMORAN/,https://twitter.com/culturalMORAN,https://www.instagram.com/culturalmoran/,150
CENTRO CULTURAL,CULTURAL PICHINCHA 1080,PICHINCHA,1080,SAN CRISTOBAL,COMUNA 3,"PICHINCHA 1080, CABA",-58.3981807,-34.6216042,+54 11 5870-6201,,,,,,
CENTRO CULTURAL,CULTURAL TITI ROSSI,SANCHEZ DE LORIA,695,ALMAGRO,COMUNA 5,"SANCHEZ DE LORIA 695, CABA",-58.412758,-34.61793,,,,,,,
CENTRO CULTURAL,CULTURAL VIVVO,NICARAGUA,4462,PALERMO,COMUNA 14,"NICARAGUA 4462, CABA",-58.4239,-34.58927,,,,,,,
CENTRO CULTURAL,DESEO BSAS,CHORROARIN AV.,1040,VILLA ORTUZAR,COMUNA 15,"CHORROARIN AV. 1040, CABA",-58.46973,-34.58451,,,,,,,
CENTRO CULTURAL,DOMUS ARTIS,TRIUNVIRATO AV.,4307,VILLA URQUIZA,COMUNA 12,"TRIUNVIRATO AV. 4307, CABA",-58.48156,-34.5773,,,,,,,
CENTRO CULTURAL,DOUP,JUAN B. JUSTO AV.,2261,VILLA CRESPO,COMUNA 15,"JUSTO, JUAN B. AV. 2261, CABA",-58.441353,-34.592575,4322-8457 / 6997-1758  / 4493-1004,AXEL@DOUP.COM.AR,,,,,300
CENTRO CULTURAL,DRAGON,BONPLAND,1690,PALERMO,COMUNA 14,"BONPLAND 1690, CABA",-58.437574,-34.583481,3392-6503,MADA.2014.BS@GMAIL.COM,,,,,0
CENTRO CULTURAL,DUMONT,AYACUCHO,920,RECOLETA,COMUNA 2,"AYACUCHO 920, CABA",-58.395981,-34.598388,4966-0546 / 3238-0223,JUANI_MARINATI@HOTMAIL.COM,,,,,220
CENTRO CULTURAL,DYNART,VUELTA DE OBLIGADO,3587,NUÑEZ,COMUNA 13,"VUELTA DE OBLIGADO 3587, CABA",-58.46685,-34.54859,,,,,,,
CENTRO CULTURAL,E.C.U ESPACIO CULTURAL UOCRA,BELGRANO AV.,1870,BALVANERA,COMUNA 3,"BELGRANO AV. 1870, CABA",-58.392679,-34.613973,,,http://ecu.uocra.org/,,,,0
CENTRO CULTURAL,EL ARBOL CULTURAL (SAS) / LA CASA DEL ARBOL,AV. CORDOBA,5217,PALERMO,COMUNA 14,"CORDOBA AV. 5217, CABA",-58.43641,-34.58998,47726993,DINTITUCIONAL.ARBOL@GMAIL.COM,https://www.casadelarbol.com.ar/,https://www.facebook.com/lacasadelarbolcc/,,@lacasadelarbol,94
CENTRO CULTURAL,EL BORDE,NECOCHEA,549,BOCA,COMUNA 4,"NECOCHEA 549, CABA",-58.36284,-34.62926,,,,,,,
CENTRO CULTURAL,EL CASTILLO DE SANDRO,PAVON AV.,3939,BOEDO,COMUNA 5,"PAVON AV. 3939, CABA",-58.41965,-34.63052,,,,,,,
CENTRO CULTURAL,EL COLECTIVO ARTE EN MOVIMIENTO,IBERA,4836,VILLA URQUIZA,COMUNA 12,"IBERA 4896, CABA",-58.48813,-34.56583,4541-9560,CCELCOLECTIVO@GMAIL.COM,WWW.ARTECOLECTIVO.COM.AR,,,,0
CENTRO CULTURAL,EL CULTURAL MASALA,AVALOS,1210,PARQUE CHAS,COMUNA 15,"AVALOS 1210, CABA",-58.476243,-34.586179,,elculturalmasala@gmail.com,,WWW.FACEBOOK.COM/ELCULTURALMASALA/,,https://www.instagram.com/elculturalmasala/,50
CENTRO CULTURAL,EL DONN,GUEMES,3825,PALERMO,COMUNA 14,"GUEMES 3825, CABA",-58.41592,-34.58712,,,,,,,
CENTRO CULTURAL,EL EMERGENTE ABASTO,GALLO,333,BALVANERA,COMUNA 3,"GALLO 333, CABA",-58.413265,-34.604713,4862-5136 / 5185-8184,HUGO.ENJOY@GMAIL.COM,http://elemergente.com.ar/,www.facebook.com/elemergentebar/,https://twitter.com/emergenteabasto,https://www.instagram.com/elemergente/,150
CENTRO CULTURAL,EL GALPON,VEGA. NICETO. CNEL. AV.,5976,PALERMO,COMUNA 14,"VEGA, NICETO, CNEL. AV. 5976, CABA",-58.44339,-34.583991,5634-9302,EMARTINGOROSO@GMAIL.COM HOLA@ELGALPON.COM,,,,,0
CENTRO CULTURAL,EL JUFRE TEATRO-BAR,JUFRE,444,VILLA CRESPO,COMUNA 15,"JUFRE 444, CABA",-58.432748,-34.595323,4473-6489,INFOELJUFRE@GMAIL.COM,,https://www.facebook.com/eljufre/,@eljufreteatro,https://www.instagram.com/eljufre/,150
CENTRO CULTURAL,EL LABERINTO DE PARQUE CHAS,"VICTORICA, BENJAMIN, GENERAL, AV.",2642,PARQUE CHAS,COMUNA 15,"VICTORICA, BENJAMIN, GENERAL, AV. 2642, CABA",-58.47916,-34.58216,,,,,,,
CENTRO CULTURAL,EL PATIO - ESPACIO CULTURAL,HIDALGO,1470,VILLA CRESPO,COMUNA 15,"HIDALGO 1470, CABA",-58.4442701,-34.6038008,+54 11 4854-0741,,,,,,
CENTRO CULTURAL,EL PATIO DE ACEVEDO,ACEVEDO,921,VILLA CRESPO,COMUNA 15,"ACEVEDO 921, CABA",-58.43483,-34.59443,,,,,,,
CENTRO CULTURAL,EL PUENTE,RIVADAVIA AV.,9810,VILLA LURO,COMUNA 10,"RIVADAVIA AV. 9810, CABA",-58.502317,-34.637942,4682-4522,ELPUENTE9810@HOTMAIL.COM,https://espacioculturalelpuente.blogspot.com/,https://www.facebook.com/elpuenteespaciocultural/,,https://www.instagram.com/elpuentecultural/,150
CENTRO CULTURAL,EL SABATO ESPACIO CULTURAL,"URIBURU JOSE E., PRES.",763,BALVANERA,COMUNA 3,"URIBURU JOSE E., PRES. 763, CABA",-58.3985658,-34.6003207,+54 11 5285-6595,,,,,,
CENTRO CULTURAL,EL TALLER DE JACINTO ESPACIO DE ARTE,QUINQUELA MARTIN. BENITO,1201,BOCA,COMUNA 4,"QUINQUELA MARTIN, BENITO 1201, CABA",-58.367322,-34.642704,4301-8866 / 5723-4452,LILIANA_OLMO@YAHOO.COM.AR,,,,,150
CENTRO CULTURAL,EL TALLER DE OMAR,FITZ ROY,1245,CHACARITA,COMUNA 15,"FITZ ROY 1245, CABA",-58.440718,-34.588038,3479-0991 / 4202-4158,DANTELOTITO@GMAIL.COM,,,,,120
CENTRO CULTURAL,EL TANQUE CULTURAL,ACASSUSO,6930,LINIERS,COMUNA 9,"ACASSUSO 6930, CABA",-58.517446,-34.651879,6922-3553,ELTANQUECULTURAL@GMAIL.COM,,https://www.facebook.com/eltanquecultural/,,,300
CENTRO CULTURAL,EL TIPOGRAFICO,SAN JUAN AV.,3246,SAN CRISTOBAL,COMUNA 3,"SAN JUAN AV. 3246, CABA",-58.41115,-34.624942,,eltipograficoac@gmail.com,http://eltipografico.com.ar/,https://www.facebook.com/ElTipograficook/,,https://www.instagram.com/ELTIPOGRAFICOOK/,150
CENTRO CULTURAL,EL ZORZAL ESQUINA CULTURAL,JAURES. JEAN,690,BALVANERA,COMUNA 3,"JAURES, JEAN 690, CABA",-58.4082477,-34.6020822,+54 9 11 5180-2257,,,,,,
CENTRO CULTURAL,ELDORADO ARTE Y CULTURA,"UGARTE, MANUEL",3660,COGHLAN,COMUNA 12,"UGARTE, MANUEL 3660, CABA",-58.47456,-34.56299,,,,,,,
CENTRO CULTURAL,EMERGENTE CLUB ALMAGRO,ACUÑA DE FIGUEROA. FRANCISCO,1030,ALMAGRO,COMUNA 5,"ACUÑA DE FIGUEROA, FRANCISCO 1030, CABA",-58.422033,-34.598976,4862-5136 / 5185-8184,HUGO.ENJOY@GMAIL.COM,http://elemergente.com.ar/,www.facebook.com/elemergentebar/,https://twitter.com/emergenteabasto,https://www.instagram.com/elemergente/,250
CENTRO CULTURAL,ENCUPULA,CORDOBA AV.,807,RETIRO,COMUNA 1,"CORDOBA AV. 807, CABA",-58.37842,-34.59883,,,,,,,
CENTRO CULTURAL,ESCASH ESPACIO CULTURAL,TRIUNVIRATO,5784,VILLA URQUIZA,COMUNA 12,"TRIUNVIRATO AV. 5784, CABA",-58.495515,-34.565132,,,,,,,
CENTRO CULTURAL,ESPACIO 350,BILLINGHURST,350,ALMAGRO,COMUNA 5,"BILLINGHURST 350, CABA",-58.41623,-34.60634,,,,,,,
CENTRO CULTURAL,ESPACIO CABALLITO,MENDEZ DE ANDES Y FRAGATA PRES. SARMIENTO,1405,CABALLITO,COMUNA 6,"MENDEZ DE ANDES y FRAGATA PRES. SARMIENTO, CABA",-58.45144,-34.61677,,,,,,,
CENTRO CULTURAL,ESPACIO COMUNARTE,CASTRO BARROS AV.,236,ALMAGRO,COMUNA 5,"CASTRO BARROS AV. 236, CABA",-58.42016,-34.61514,,,,,,,
CENTRO CULTURAL,ESPACIO CULTURAL ALMAGRO,LLAVALLE,3946,ALMAGRO,COMUNA 5,"LLAVALLE 3946, CABA",-58.42129426,-34.59852713,,,,,,,
CENTRO CULTURAL,ESPACIO CULTURAL ANDUMA,"ESCALADA DE SAN MARTIN, R.",4553,VELEZ SARSFIELD,COMUNA 10,"ESCALADA DE SAN MARTIN, R. 4553, CABA",-58.49577,-34.62733,,,,,,,
CENTRO CULTURAL,ESPACIO CULTURAL ARROTEA - MUTUAL C. S. Y CULTURAL FLORES SUR,ARROTEA,951,FLORES,COMUNA 7,"ARROTEA 951, CABA",-58.45876,-34.64053,,,,,,,
CENTRO CULTURAL,ESPACIO CULTURAL BOLÍVAR,BOLIVAR,1019,SAN TELMO,COMUNA 1,"BOLIVAR 1019, CABA",-58.3730662,-34.6198437,+54 11 3647-1844,,,,,,
CENTRO CULTURAL,ESPACIO CULTURAL CARLOS GARDEL,OLLEROS,3640,CHACARITA,COMUNA 15,"OLLEROS 3640, CABA",-58.450913,-34.582529,4552-4229,PROGRAMACIONCARLOSGARDEL@GMAIL.COM,HTTP://WWW.BUENOSAIRES.GOB.AR/CULTURA/PROMOCION/ESPACIOSCULTURALES/GARDEL,https://www.facebook.com/espaciogardel/,,,180
CENTRO CULTURAL,ESPACIO CULTURAL CHACRA DE LOS REMEDIOS,DIRECTORIO AV.,,PARQUE AVELLANEDA,COMUNA 9,"DIRECTORIO AV. y LACARRA, CABA",-58.47993,-34.6413,4636-0754 / 4672-1780,CHACRADELOSREMEDIOS@GMAIL.COM,HTTP://WWW.BUENOSAIRES.GOB.AR/CULTURA/PROMOCION/ESPACIOSCULTURALES/REMEDIOS,,,,0
CENTRO CULTURAL,ESPACIO CULTURAL CORRALON FLORESTA,GAONA AV.,4660,FLORESTA,COMUNA 10,"GAONA AV. 4660, CABA",-58.488448,-34.626973,,,,,,,0
CENTRO CULTURAL,ESPACIO CULTURAL DEL SUR,CASEROS AV.,1750,BARRACAS,COMUNA 4,"CASEROS AV. 1750, CABA",-58.386816,-34.633312,4306-0301 / 4305-6653,CCULTURALSUR@YAHOO.COM.AR,HTTP://WWW.BUENOSAIRES.GOB.AR/CULTURA/PROMOCION/ESPACIOSCULTURALES/DELSUR,,,,0
CENTRO CULTURAL,ESPACIO CULTURAL DOBLAR EL VIENTO,MONTEVIDEO,236,SAN NICOLAS,COMUNA 1,"MONTEVIDEO 236, CABA",-58.38945446,-34.60621928,,,,,,,
CENTRO CULTURAL,ESPACIO CULTURAL EMBAJADA DEL BRASIL,ARROYO,1138,RETIRO,COMUNA 1,"ARROYO 1138, CABA",-58.383568,-34.591582,4515-2451,CULTURA@BRASIL.ORG.AR,WWW.BUENOSAIRES.ITAMARATY.GOV.AR,,,,0
CENTRO CULTURAL,ESPACIO CULTURAL EUREKA,CHARCAS,4335,PALERMO,COMUNA 14,"CHARCAS 4335, CABA",-58.42337,-34.583442,,marianaalzaga@gmail.com,http://www.centroenjambre.com.ar/,https://www.facebook.com/espacio.enjambre/,,,50
CENTRO CULTURAL,ESPACIO CULTURAL FERMÍN,CULPINA,75,FLORES,COMUNA 7,"CULPINA 75, CABA",-58.4665862,-34.6309669,+54 11 4613-6542,,,,,,
CENTRO CULTURAL,ESPACIO CULTURAL FONROUGE,FONROUGE,483,LINIERS,COMUNA 9,"FONROUGE 483, CABA",-58.5106439,-34.6433081,+54 11 6154-7489,,,,,,
CENTRO CULTURAL,ESPACIO CULTURAL GARCIA,VIDAL,3801,SAAVEDRA,COMUNA 12,"VIDAL 3801, CABA",-58.473203,-34.549046,,,http://espaciogarcia.com.ar/,https://www.facebook.com/espaciogarcia/,,,0
CENTRO CULTURAL,ESPACIO CULTURAL HÉROES DE MALVINAS,TUCUMAN,3474,ALMAGRO,COMUNA 5,"TUCUMAN 3474, CABA",-58.41442,-34.5998,,,,,,,
CENTRO CULTURAL,ESPACIO CULTURAL ILDA,IBERA,5257,VILLA URQUIZA,COMUNA 12,"IBERA 5257, CABA",-58.492331,-34.5678289,+54 11 3807-4012,,,,,,
CENTRO CULTURAL,ESPACIO CULTURAL JUAN RODO,GODOY CRUZ,2655,PALERMO,COMUNA 14,"GODOY CRUZ 2655, CABA",-58.425708,-34.579259,4775-7308,CONTACTO@ESCUELAJUANRODO.COM.AR,www.escuelajuanrodo.com.ar,WWW.FACEBOOK.COM/ESCUELAJUANRODO/,@EscuelaJuanRodo,https://www.instagram.com/escuelajuanrodo/,80
CENTRO CULTURAL,ESPACIO CULTURAL JULIAN CENTEYA,SAN JUAN AV.,3255,SAN CRISTOBAL,COMUNA 3,"SAN JUAN AV. 3255, CABA",-58.411335,-34.624795,4931-9667,ESPACIOCULTURALCENTEYA@GMAIL.COM,HTTP://WWW.BUENOSAIRES.GOB.AR/CULTURA/PROMOCION/ESPACIOSCULTURALES/CENTEYA,,,,0
CENTRO CULTURAL,ESPACIO CULTURAL LINEAS DE FUGA,MELINCUE,4276,VILLA DEVOTO,COMUNA 11,"MELINCUE 4276, CABA",-58.505518,-34.609925,3840-4046,ESPACIOLINEASDEFUGA@GMAIL.COM,,WWW.FACEBOOK.COM/ESPACIOLINEASDEFUGA/,,,0
CENTRO CULTURAL,ESPACIO CULTURAL LOS HEREDEROS,"FERNANDEZ DE LA CRUZ, F., GRAL. AV.",6380,VILLA RIACHUELO,COMUNA 8,"FERNANDEZ DE LA CRUZ, F., GRAL. AV. 6380, CABA",-58.47427,-34.68675,,,,,,,
CENTRO CULTURAL,ESPACIO CULTURAL MARCO DEL PONT,ARTIGAS. JOSE GERVASIO. GRAL.,202,FLORES,COMUNA 7,"ARTIGAS, JOSE GERVASIO, GRAL. 202, CABA",-58.464953,-34.627439,4612-2412,CCMARCODELPONT@BUENOSAIRES.GOV.AR,WWW.CENTROCULTURALMARCODELPONT.BLOGSPOT.COM,WWW.FACEBOOK.COM/CCMPONT/,,,0
CENTRO CULTURAL,ESPACIO CULTURAL NUESTROS HIJOS. FUNDACION MADRES DE PLAZA DE MAYO,DEL LIBERTADOR AV.,8465,NUÑEZ,COMUNA 13,"DEL LIBERTADOR AV. 8465, CABA",-58.465633,-34.537776,4703-5089,INFORMES@NUESTROSHIJOS.ORG.AR,WWW.NUESTROSHIJOS.ORG.AR,,,,0
CENTRO CULTURAL,ESPACIO CULTURAL OEI,PARAGUAY,1514,RECOLETA,COMUNA 2,"PARAGUAY 1514, CABA",-58.3884343,-34.5985667,+54 11 4813-0033,,,,,,
CENTRO CULTURAL,ESPACIO CULTURAL RESURGIMIENTO,ARTIGAS. JOSE GERVASIO. GRAL.,2262,VILLA DEL PARQUE,COMUNA 11,"ARTIGAS, JOSE GERVASIO, GRAL. 2262, CABA",-58.478148,-34.606538,4585-4960,RESURGIMIENTO@FIBERTEL.COM.AR,HTTP://WWW.BUENOSAIRES.GOB.AR/CULTURA/PROMOCION/ESPACIOSCULTURALES/RESURGIMIENTO,,,,0
CENTRO CULTURAL,ESPACIO CULTURAL SAN ANDRES,PERU,352,MONSERRAT,COMUNA 1,"PERU 352, CABA",-58.374714,-34.612211,4331 0308,ESPACIOCULTURAL@SANANDRES.ORG.AR,http://www.sanandres.org.ar/,https://www.facebook.com/espacioculturalsanandres/,@ipsaolivos,https://www.instagram.com/ipsaolivos/,0
CENTRO CULTURAL,ESPACIO CULTURAL SOMA,ZELAYA,3122,BALVANERA,COMUNA 3,"ZELAYA 3122, CABA",-58.4099572,-34.6017908,+54 9 3487 68-8128,,,,,,
CENTRO CULTURAL,ESPACIO CULTURAL UNA NUEVA UTOPIA,DIRECTORIO AV.,5288,MATADEROS,COMUNA 9,"DIRECTORIO AV. 5288, CABA",-58.49315,-34.65272,,,,,,,
CENTRO CULTURAL,ESPACIO DE ARTE CHIVILCOY,CHIVILCOY AV.,3051,VILLA DEVOTO,COMUNA 11,"CHIVILCOY AV. 3051, CABA",-58.50609,-34.606,,,,,,,
CENTRO CULTURAL,ESPACIO EL ZONKO,PAVON,2552,SAN CRISTOBAL,COMUNA 3,"PAVON 2552, CABA",-58.40073,-34.62743,,,,,,,
CENTRO CULTURAL,ESPACIO FOREST,FOREST AV.,469,CHACARITA,COMUNA 15,"FOREST AV. 469, CABA",-58.4528,-34.58633,,,,,,,
CENTRO CULTURAL,ESPACIO GLIPTODONTE,LEOPOLDO MARECHAL,1160,VILLA CRESPO,COMUNA 15,"MARECHAL, LEOPOLDO 1160, CABA",-58.439767,-34.605002,,,,,,,
CENTRO CULTURAL,ESPACIO LA TRIBU,LAMBARE,873,ALMAGRO,COMUNA 5,"LAMBARE 873, CABA",-58.43045,-34.604642,3214-6260 / 4865-7554 / 4861-8928 / 4866-1095,RAFABINAGHI@GMAIL.COM. COMUNICACIONLATRIBU@GMAIL.COM,,,,,0
CENTRO CULTURAL,ESPACIO MALCOLM,AGUIRRE,456,VILLA CRESPO,COMUNA 15,"AGUIRRE 456, CABA",-58.43528,-34.59814,,,,,,,
CENTRO CULTURAL,ESPACIO MOEBIUS,BULNES,658,ALMAGRO,COMUNA 5,"BULNES 658, CABA",-58.41817,-34.603954,,INFO@MOEBIUSEDITORA.COM,WWW.MOEBIUSEDITORA.COM,,,,0
CENTRO CULTURAL,ESPACIO ORSAI,SERRANO,1141,VILLA CRESPO,COMUNA 15,"SERRANO 1141, CABA",-58.43509,-34.59194,,,,,,,
CENTRO CULTURAL,ESPACIO PICHUCO,"YRIGOYEN, HIPOLITO AV.",3824,ALMAGRO,COMUNA 5,"YRIGOYEN, HIPOLITO AV. 3824, CABA",-58.42077,-34.6147,,,,,,,
CENTRO CULTURAL,ESPACIO PUJOL,PUJOL,1110,CABALLITO,COMUNA 6,"PUJOL 1110, CABA",-58.451205,-34.609738,,,,,,,50
CENTRO CULTURAL,ESPACIO SALVO,"VIALE, LUIS",89,VILLA CRESPO,COMUNA 15,"VIALE, LUIS 89, CABA",-58.44389,-34.60215,,,,,,,
CENTRO CULTURAL,ESPACIO SAOCO,ESTADO DE PALESTINA,933,ALMAGRO,COMUNA 5,"ESTADO DE PALESTINA 933, CABA",-58.425194,-34.599876,5881-6464 / 4867-4814,JAIMEBREARD@GMAIL.COM,,,,,111
CENTRO CULTURAL,ESPACIO SIMONA,ALVAREZ THOMAS AV.,661,COLEGIALES,COMUNA 13,"ALVAREZ THOMAS AV. 661, CABA",-58.451571,-34.580193,,CULTURALSIMONA@GMAIL.COM,,https://www.facebook.com/SimonaEspacioCultural/,,www.instagram.com/espaciosimona/,100
CENTRO CULTURAL,ESPACIO SOCIAL Y CULTURAL COMUNARTE,AV. SAN JUAN,4052,BOEDO,COMUNA 5,"SAN JUAN AV. 4052, CABA",-58.42218,-34.626409,20680617,ESCOMUNARTE@GMAIL.COM,,,,,0
CENTRO CULTURAL,ESPACIO SUEÑOS,LA PLATA AV.,1255,PARQUE CHACABUCO,COMUNA 7,"LA PLATA AV. 1255, CABA",-58.426193,-34.62993,,CONTACTO@ESPACIOSUENIOS.COM,WWW.ESPACIOSUENIOS.COM,,,,150
CENTRO CULTURAL,ESPACIO UKELELE,SERRANO,587,VILLA CRESPO,COMUNA 15,"SERRANO 587, CABA",-58.44125,-34.59563,,,,,,,
CENTRO CULTURAL,ESPACIO VALEU,COSTA RICA,4929,PALERMO,COMUNA 14,"COSTA RICA 4929, CABA",-58.429428,-34.586496,5094-8480 / 6372-8216,RODCARRIZO@GMAIL.COM,,,,,150
CENTRO CULTURAL,ESPACIO37,EL SALVADOR,4607,PALERMO,COMUNA 14,"EL SALVADOR 4607, CABA",-58.426129,-34.590006,,ANET_MAT@HOTMAIL.COM,,WWW.FACEBOOK.COM/ESPACIO37/,,https://www.instagram.com/espacio37salasshow/,140
CENTRO CULTURAL,ESQUINA REBELDE CENTRO CULTURAL,GALLO,769,BALVANERA,COMUNA 3,"GALLO 769, CABA",-58.412339,-34.600763,2003-2152 / 5981-9785,MARIARINALDI@HOTMAIL.COM,,,,,100
CENTRO CULTURAL,ESTACIÓN DE LOS DESEOS,BACACAY,1626,CABALLITO,COMUNA 6,"BACACAY 1626, CABA",-58.454418,-34.62319,,,,,,,
CENTRO CULTURAL,EXPRESO IMAGINARIO,OLAVARRIA,664,BOCA,COMUNA 4,"OLAVARRIA 664, CABA",-58.36208,-34.63767,,,,,,,
CENTRO CULTURAL,FACTORÍA,FRAGATA PRES. SARMIENTO,1251,CABALLITO,COMUNA 6,"FRAGATA PRES. SARMIENTO 1251, CABA",-58.45592,-34.61021,,,,,,,
CENTRO CULTURAL,FACULTAD DE PSICOLOGIA - UBA,INDEPENDENCIA AV.,3065,BALVANERA,COMUNA 3,"INDEPENDENCIA AV. 3065, CABA",-58.408762,-34.619829,4931-6900,PRENSA@PST.UBA.AR,,,,,0
CENTRO CULTURAL,FEDRO,CALVO. CARLOS,578,SAN TELMO,COMUNA 1,"CALVO, CARLOS 578, CABA",-58.374044,-34.619687,4300-7551,LIBROS@FEDROSANTELMO.COM.AR,HTTP://FEDROSANTELMO.WORDPRESS.COM,,,,100
CENTRO CULTURAL,FEELING MULTIESPACIO,HONDURAS,4648,PALERMO,COMUNA 14,"HONDURAS 4648, CABA",-58.426469,-34.591217,3683-7862 / 4777-7780,feelingmultiespacio@gmail.com,,https://www.facebook.com/feelingmultiespacio/,,https://www.instagram.com/feeling_multiespacio/,150
CENTRO CULTURAL,FELIZA CULTURA ARCOIRIS,CORDOBA AV.,3271,RECOLETA,COMUNA 2,"CORDOBA AV. 3271, CABA",-58.412845,-34.597876,4822-0228 / 1552-1693,FELIZACULTURAARCOIRIS@GMAIL.COM,,https://www.facebook.com/felizarcoiris/,,www.instagram.com/felizarcoiris,300
CENTRO CULTURAL,FUNDACION HASTINAPURA,CORRIENTES AV.,4608,ALMAGRO,COMUNA 5,"CORRIENTES AV. 4608, CABA",-58.430312,-34.602328,4862-6917 / 5756-1932,GUSCANZOBRE@GMAIL.COM PARQUECENTENARIO@HASTINAPURA.ORG.AR,,,,,25
CENTRO CULTURAL,FUNDACION HASTINAPURA,GUAYAQUIL,777,CABALLITO,COMUNA 6,"GUAYAQUIL 777, CABA",-58.43913,-34.621664,4904-1826 / 4563-7271,AQUILESODISEA@GMAIL.COM CABALLITO@HASTINAPURA.ORG.AR,,,,,0
CENTRO CULTURAL,FUNDACION HASTINAPURA,SAN JUAN AV.,3679,BOEDO,COMUNA 5,"SAN JUAN AV. 3679, CABA",-58.41732,-34.625525,4931-5971 / 4904-0816,BOEDO@HASTINAPURA.ORG.AR CABALLITO@HASTINAPURA.ORG.AR,,,,,150
CENTRO CULTURAL,FUNDACION HASTINAPURA,BEIRO. FRANCISCO AV.,4915,VILLA DEVOTO,COMUNA 11,"BEIRO, FRANCISCO AV. 4915, CABA",-58.51978,-34.610682,4904-1826,CABALLITO@HASTINAPURA.ORG.AR,,,,,25
CENTRO CULTURAL,FUNDACION HASTINAPURA,GUEMES,2981,RECOLETA,COMUNA 2,"GUEMES 2981, CABA",-58.408611,-34.591966,4824-6680 / 4821-9484,ESCUELAGANESH@HASTINAPURA.ORG.AR,,,,,25
CENTRO CULTURAL,FUNDACION MERCEDES SOSA,HUMBERTO 1º,378,SAN TELMO,COMUNA 1,"HUMBERTO 1° 378, CABA",-58.371153,-34.620698,,-,http://www.mercedessosa.org/centro-cultural/,https://www.facebook.com/FundacionMercedesSosa/,,,0
CENTRO CULTURAL,FUNDACIÓN NAUM KNOP,CATAMARCA,1747,PARQUE PATRICIOS,COMUNA 4,"CATAMARCA 1747, CABA",-58.402216,-34.630787,,,,,,,
CENTRO CULTURAL,GALPÓN ARTÍSTICO DE CABALLITO,AVELLANEDA AV.,1359,CABALLITO,COMUNA 6,"AVELLANEDA AV. 1359, CABA",-58.45104,-34.61913,,,,,,,
CENTRO CULTURAL,GALPÓN BAIGORRI,BAIGORRI,191,BARRACAS,COMUNA 4,"BAIGORRI 191, CABA",-58.38585,-34.63564,,,,,,,
CENTRO CULTURAL,GALPON CULTURAL EL HUECO,MATURÍN,2439,PATERNAL,COMUNA 15,"MATURIN 2439, CABA",-58.460916,-34.599923,,,http://www.elhueco.com.ar/,https://www.facebook.com/el.hueco.90/,,,0
CENTRO CULTURAL,GALPON CULTURAL PIEDRABUENARTE,ZUVIRIA,6654,VILLA LUGANO,COMUNA 8,"ZUVIRIA 6654, CABA",-58.493574,-34.675936,2066-0858,GALPONPIEDRABUENARTE@HOTMAIL.COM,WWW.PIEDRABUENARTE.COM.AR,WWW.FACEBOOK.COM/GALPON.PIEDRABUENARTE,,,0
CENTRO CULTURAL,GALPÓN CULTURAL PIEDRABUENARTE,ZUVIRIA,6600,VILLA LUGANO,COMUNA 8,"ZUVIRIA 6600, CABA",-58.49264,-34.67509,,,,,,,
CENTRO CULTURAL,GALPÓN CULTURAL TTT,"NEWBERY, JORGE AV.",4880,CHACARITA,COMUNA 15,"NEWBERY, JORGE AV. 4880, CABA",-58.4585102,-34.5961393,+54 11 3685-0925,,,,,,
CENTRO CULTURAL,GALPÓN FACE,DEAN FUNES,2142,PARQUE PATRICIOS,COMUNA 4,"DEAN FUNES 2142, CABA",-58.403852,-34.636199,,,,,,,
CENTRO CULTURAL,GATO AZUL,VELEZ SARSFIELD AV.,95,PARQUE PATRICIOS,COMUNA 4,"VELEZ SARSFIELD AV. 95, CABA",-58.390369,-34.635323,4861-1335 / 2507-4238 / 6137-8332,BERTAAM@GMAIL.COM,,,,,50
CENTRO CULTURAL,GORRITI ART CENTER,JUSTO. JUAN B. AV.,1617,PALERMO,COMUNA 14,"JUSTO, JUAN B. AV. 1617, CABA",-58.435948,-34.586103,2059-4828 / 4400-9397,WWW@GORRITIARTCENTER.COM,,,,,421
CENTRO CULTURAL,GRUPO DE TEATRO COMUNITARIO DE POMPEYA,CHILAVERT,1136,NUEVA POMPEYA,COMUNA 4,"CHILAVERT, MARTINIANO, CORONEL 1136, CABA",-58.424355,-34.642087,15 5403 8044,GTCPOMPEYA@GMAIL.COM,WWW.GTCPOMPEYA.BLOGSPOT.COM,,@TCPOMPEYA,,0
CENTRO CULTURAL,HAIKU MULTIESPACIO,CONGRESO AV.,3834,COGHLAN,COMUNA 12,"CONGRESO AV. 3834, CABA",-58.47714,-34.56307,,,,,,,
CENTRO CULTURAL,HUNTERBIER DE PEZZANO ROBERTO ARIEL,NEWBERY. JORGE AV.,3519,CHACARITA,COMUNA 15,"NEWBERY, JORGE AV. 3519, CABA",-58.449034,-34.582991,4545-9338,ROBERTO1PEZZANO@GMAIL.COM,,,,,150
CENTRO CULTURAL,IDEAS DESCABELLADAS,CARLOS CALVO,3776,BOEDO,COMUNA 5,"CALVO, CARLOS 3776, CABA",-58.418731,-34.624622,,,,,,,
CENTRO CULTURAL,IFA,SCALABRINI ORTIZ. RAUL AV.,326,VILLA CRESPO,COMUNA 15,"SCALABRINI ORTIZ, RAUL AV. 326, CABA",-58.43835,-34.599496,2058-7713 / 5644-7783 / 2176-7783,NICOLASPEREZCOSTA@HOTMAIL.COM,,,,,99
CENTRO CULTURAL,IMPA CENTRO CULTURAL IMPA LA FABRICA,QUERANDIES,4290,ALMAGRO,COMUNA 5,"QUERANDIES 4290, CABA",-58.426678,-34.611198,4981-3730,LAFABRICACIUDADCULTURAL@INFOVIA.COM.AR,WWW.IMPALAFABRICA.ORG.AR,WWW.FACEBOOK.COM/IMPA-CENTRO-CULTURAL-IMPA-LA-F%C3%A1BRICA-296962583721399/,,https://www.instagram.com/ccimpalafabrica/,200
CENTRO CULTURAL,INBOCCALUPO,ARREDONDO. VIRREY,2495,COLEGIALES,COMUNA 13,"ARREDONDO, VIRREY 2495, CABA",-58.45171,-34.56802,4783-0731,TEATROBAR@YAHOO.COM,WWW.INBOCCALUPO.COM.AR,WWW.FACEBOOK.COM/INBOCCALUPOTEATRO/,,,80
CENTRO CULTURAL,JACIENTO OVIEDO,RIOBAMBA,434,BALVANERA,COMUNA 3,"RIOBAMBA 434, CABA",-58.393951,-34.604059,20740406,,http://aluvionciudadano.blogspot.com,https://www.facebook.com/pg/centroculturaljacintooviedo,,https://www.instagram.com/centroculturaljacintooviedo/,0
CENTRO CULTURAL,JJ CIRCUITO CULTURAL,JAURES. JEAN,347,BALVANERA,COMUNA 3,"JAURES, JEAN 347, CABA",-58.409635,-34.605987,6640-7498,JJCIRCUITOCULTURAL@GMAIL.COM,,https://www.facebook.com/jjcircuitocultural/,,https://www.instagram.com/jjcircuitocultural/,250
CENTRO CULTURAL,JUNGLA HABITAT CULTURAL,GUARDIA VIEJA,3580,ALMAGRO,COMUNA 5,"GUARDIA VIEJA 3580, CABA",-58.415004,-34.601912,,,,,,,0
CENTRO CULTURAL,KOWALSKI CLUB DE CULTURA,BILLINGHURST,835,ALMAGRO,COMUNA 5,"BILLINGHURST 835, CABA",-58.415006,-34.600343,,ELBARDEKOWALSKI@GMAIL.COM,,https://www.facebook.com/ElBarDeKowalski/,,https://www.instagram.com/abastosocialclub/,60
CENTRO CULTURAL,LA ABADIA. CENTRO DE ARTE Y ESTUDIOS LATINOAMERICANOS,GOROSTIAGA,1908,PALERMO,COMUNA 14,"GOROSTIAGA 1908, CABA",-58.438716,-34.567897,4773-9223,INFO@LAABADIA.ORG,WWW.LAABADIA.ORG,,,,0
CENTRO CULTURAL,LA BISAGRA,AV.SAN JUAN,1826,SAN CRISTOBAL,COMUNA 3,"SAN JUAN AV. 1826, CABA",-58.391955,-34.622841,,,http://www.seamoslibresmp.com.ar/?fbclid=IwAR1gz4z7YSrcmXnDWoA3FURBVpfREUT2L0iyxL5S1mRIXecy_U4w6wBIdpA,https://www.facebook.com/labisagraenSL/,,,0
CENTRO CULTURAL,LA CASA,TARIJA,3900,BOEDO,COMUNA 5,"TARIJA 3900, CABA",-58.419291,-34.629309,4921-2005,LACASA@LACASACASTING.COM,,WWW.FACEBOOK.COM/LACASAENCONSTRUCCION/?HC_REF=ARQGGANIT84DB-FBRWIE9FGW-EYIJPW7FVILJ24YY__071C9N1MQ8HSGMPINH1QYKR4&FREF=NF,,,45
CENTRO CULTURAL,LA CASA DE LUCA PRODAN,ALSINA. ADOLFO,451,MONSERRAT,COMUNA 1,"ALSINA, ADOLFO 451, CABA",-58.372633,-34.610154,5980-6832 / 4487-5856 / 6373-0575,ARIELBELONT_WEB@HOTMAIL.COM,,https://www.facebook.com/LaCasaDeLucaProdan/,,,0
CENTRO CULTURAL,LA CASA DE TERESA ISRAEL,ACUÑA DE FIGUEROA,795,ALMAGRO,COMUNA 5,"ACUÑA DE FIGUEROA, FRANCISCO 795, CABA",-58.42236,-34.601901,,-,http://lacasadeteresa.blogspot.com/,https://www.facebook.com/laCasadeTere/,,,0
CENTRO CULTURAL,LA CASA ROJA,LEGUIZAMON. HONORIO. DR.,3726,VILLA URQUIZA,COMUNA 12,"LEGUIZAMON, HONORIO, DR. 3726, CABA",-58.487702,-34.567867,4541-2915 / 1533338715,ESPACIOCREATIVOELECTRONICA@GMAIL.COM,,https://www.facebook.com/lacasarojacultural/,,https://www.instagram.com/lacasaroja_cultural/,0
CENTRO CULTURAL,LA CASONA DE COLOMBRES,COLOMBRES,764,BOEDO,COMUNA 5,"COLOMBRES 764, CABA",-58.41796,-34.62197,,,,,,,
CENTRO CULTURAL,LA CASONA DE LOS AMIGOS,ALBERDI. JUAN BAUTISTA AV.,2020,FLORES,COMUNA 7,"ALBERDI, JUAN BAUTISTA AV. 2020, CABA",-58.456707,-34.629749,4601-3566 / 5977-4565,SILVIASARGONI@YAHOO.COM,,,,,150
CENTRO CULTURAL,LA CAZONA DE FLORES,MORON,2453,FLORES,COMUNA 7,"MORON 2453, CABA",-58.46668,-34.622307,6295-6295 / 2053-9724,DHPICOTTO@GMAIL.COM,,,,,150
CENTRO CULTURAL,LA CONFITERIA,LACROZE. FEDERICO AV.,2963,COLEGIALES,COMUNA 13,"LACROZE, FEDERICO AV. 2963, CABA",-58.448152,-34.575414,4555-4991 / 4983-2446 / 6276-0840 / 5131-8858,info@la-confiteria.com,,https://www.facebook.com/cclaconfiteria/,,https://www.instagram.com/laconfiteriacc/,250
CENTRO CULTURAL,LA CONVERSA,CASTRO BARRIOS,809,BOEDO,COMUNA 5,"CASTRO BARRIOS 809, CABA",-58.41941886,-34.62139651,,,,,,,
CENTRO CULTURAL,LA CULTURAL,DIAZ VELEZ AV.,4664,CABALLITO,COMUNA 6,"DIAZ VELEZ AV. 4664, CABA",-58.4324287,-34.6089095,,,,,,,
CENTRO CULTURAL,LA ESCALERA ESPACIO DE ARTE,JUSTO. JUAN B. AV.,889,PALERMO,COMUNA 14,"JUSTO, JUAN B. AV. 889, CABA",-58.428924,-34.580703,4774-6533,ESPACIOLAESCALERA@FIBERTEL.COM.AR,WWW.ESPACIOLAESCALERA.COM.AR,https://www.facebook.com/EspacioLaEscalera/,,,50
CENTRO CULTURAL,LA FRAGUA CULTURAL,RIVADAVIA AV.,4127,ALMAGRO,COMUNA 5,"RIVADAVIA AV. 4127, CABA",-58.424078,-34.612725,4983-5203,LAFRAGUACULTURAL@GMAIL.COM,WWW.LAFRAGUACULTURAL.COM,WWW.FACEBOOK.COM/LA-FRAGUA-CULTURAL-1590005041256059/,,,0
CENTRO CULTURAL,LA GRAN JAIME,ARAOZ,832,VILLA CRESPO,COMUNA 15,"ARAOZ 832, CABA",-58.432389,-34.596862,,LAGRANJAIME@GMAIL.COM,,https://www.facebook.com/lagranjaime/,,https://www.instagram.com/lagranjaime/,102
CENTRO CULTURAL,LA GRIETA,"ALSINA, ADOLFO",2143,BALVANERA,COMUNA 3,"ALSINA, ADOLFO 2143, CABA",-58.39667,-34.61178,,,,,,,
CENTRO CULTURAL,LA IMAGINERIA,TREINTA Y TRES ORIENTALES,1150,BOEDO,COMUNA 5,"TREINTA Y TRES ORIENTALES 1150, CABA",-58.4223,-34.62848,,,,,,,
CENTRO CULTURAL,LA INSTALACION,AVALOS,1238,PARQUE CHAS,COMUNA 15,"AVALOS 1238, CABA",-58.476482,-34.58593,4524-2750 / 6552-1238,LAINSTALACION@YAHOO.COM.AR,,,,,100
CENTRO CULTURAL,LA MINGA CLUB CULTURAL,MAZA,1165,BOEDO,COMUNA 5,"MAZA 1165, CABA",-58.414776,-34.624965,5875-2825,LAMINGACLUBCULTURAL@GMAIL.COM,WWW.LAMINGACLUBCULTURAL.COM.AR,WWW.FACEBOOK.COM/LAMINGACC/?FREF=TS,,https://www.instagram.com/lamingacc/,50
CENTRO CULTURAL,LA PAZ ARRIBA,MONTEVIDEO,421,SAN NICOLAS,COMUNA 1,"MONTEVIDEO 421, CABA",-58.389366,-34.603984,6157-6067 / 4371-3822,LAPAZARRIBA@GMAIL.COM,,https://www.facebook.com/LAPAZARRIBA/,,https://www.instagram.com/lapazarriba/,0
CENTRO CULTURAL,LA PLAPLA,TRES ARROYOS,1596,CABALLITO,COMUNA 6,"TRES ARROYOS 1596, CABA",-58.4606,-34.60899,,,,,,,
CENTRO CULTURAL,LA QUINCE ESPACIO CULTURAL,CORRIENTES AV.,5426,VILLA CRESPO,COMUNA 15,"CORRIENTES AV. 5426, CABA",-58.441009,-34.597945,,LAQUINCECULTURAL@GMAIL.COM,WWW.SEAMOSLIBRESMP.COM.AR,WWW.FACEBOOK.COM/LAQUINCEESPACIOCULTURAL/,,https://www.instagram.com/laquincecultural/,150
CENTRO CULTURAL,LA RONDA ESPACIO CULTURAL,VIAMONTE,1730,SAN NICOLAS,COMUNA 1,"VIAMONTE 1730, CABA",-58.3917969,-34.6008507,+54 11 4477-1966,,,,,,
CENTRO CULTURAL,LA ROSA BLINDADA,"NEWBERY, JORGE AV.",3428,CHACARITA,COMUNA 15,"NEWBERY, JORGE AV. 3428, CABA",-58.44855,-34.58197,,,,,,,
CENTRO CULTURAL,LA SCALA DE SAN TELMO,GIUFFRA. JOSE M..DR.,371,SAN TELMO,COMUNA 1,"GIUFFRA, JOSE M.,DR. 371, CABA",-58.371215,-34.61781,4362-3847,SCALA@LASCALA.ORG.AR,WWW.LASCALA.ORG.AR,WWW.FACEBOOK.COM/SCALADESANTELMO/,,https://www.instagram.com/scaladesantelmo/,102
CENTRO CULTURAL,LA TANGENTE,HONDURAS,5317,PALERMO,COMUNA 14,"HONDURAS 5317, CABA",-58.433092,-34.586619,4833-5857 / 5016-2103,MARTINPONS@LIVE.COM.AR,WWW.LATANGENTE.COM.AR,WWW.FACEBOOK.COM/LATNGNT/,@LATANGENT,https://www.instagram.com/la.tangente/,150
CENTRO CULTURAL,LA TIERRA INVISIBLE,BARCO CENTENERA DEL,1099,PARQUE CHACABUCO,COMUNA 7,"BARCO CENTENERA DEL 1099, CABA",-58.43748,-34.63203,,,,,,,
CENTRO CULTURAL,LA TOMADA,FRAGA,119,CHACARITA,COMUNA 15,"FRAGA 119, CABA",-58.44702,-34.58705,,,,,,,
CENTRO CULTURAL,LA TURBA,VARELA AV.,503,FLORES,COMUNA 7,"VARELA AV. 503, CABA",-58.462934,-34.63557,4612-5174 / 6597-5273 / 5781-0634,LATURBABARCULTURAL@GMAIL.COM,,,,,0
CENTRO CULTURAL,LA VIDRIERA DE LA DGEART,PERU,374,MONSERRAT,COMUNA 1,"PERU 374, CABA",-58.374711,-34.612253,4342-9416 / 4342-8487,DGEARTEXTENSION@BUENOSAIRES.GOB.AR,https://www.buenosaires.gob.ar/cultura/ensenanzaartistica/la-vidriera,,,,0
CENTRO CULTURAL,LA VIEJA GUARDIA,GUARDIA VIEJA,3777,ALMAGRO,COMUNA 5,"GUARDIA VIEJA 3777, CABA",-58.417441,-34.601029,6680-0850,HOLA@LAVIEJAGUARIDA.COM.AR,WWW.LAVIEJAGUARIDA.COM.AR,WWW.FACEBOOK.COM/VIEJAGUARIDA/,,https://www.instagram.com/laviejaguarida/,40
CENTRO CULTURAL,LABORATORIO DE FESTIVAL,GORRITI,5741,PALERMO,COMUNA 14,"GORRITI 5741, CABA",-58.438664,-34.583818,4775-6733 / 5512-0865,SALOMONEMARTIN@GMAIL.COM,,,,,0
CENTRO CULTURAL,LADRAN SANCHO,GUARDIA VIEJA,3811,ALMAGRO,COMUNA 5,"GUARDIA VIEJA 3811, CABA",-58.418076,-34.600884,4863-1095,LADRANDOESTAMOS@GMAIL.COM,WWW.LADRAN-SANCHO.COM,WWW.FACEBOOK.COM/LADRANSANCHOOK/,,https://www.instagram.com/ladransanchook/,94
CENTRO CULTURAL,LALALÁ ORTUZAR,ALVAREZ THOMAS AV.,1541,VILLA ORTUZAR,COMUNA 15,"ALVAREZ THOMAS AV. 1541, CABA",-58.46384,-34.57846,,,,,,,
CENTRO CULTURAL,LAS MIL Y UN ARTES CENTRO CULTURAL,MEDRANO AV.,645,ALMAGRO,COMUNA 5,"MEDRANO AV. 645, CABA",-58.420802,-34.602547,5761-2409,LASMILYUNARTES@YAHOO.COM.AR,http://lasmilyunartes.blogspot.com,https://www.facebook.com/Lasmilyunarte/,,https://www.instagram.com/lasmilyunartes/,0
CENTRO CULTURAL,LE CID ESPACIO CULTURAL,"BIEDMA, JOSE JUAN",1020,CABALLITO,COMUNA 6,"BIEDMA, JOSE JUAN 1020, CABA",-58.455342,-34.6133119,+54 11 6891-1020,,,,,,
CENTRO CULTURAL,LE GURRU,GURRUCHAGA,223,VILLA CRESPO,COMUNA 15,"GURRUCHAGA 223, CABA",-58.44447,-34.5996,,,,,,,
CENTRO CULTURAL,LEON LEON,NICARAGUA,4432,PALERMO,COMUNA 14,"NICARAGUA 4432, CABA",-58.423614,-34.589495,,CCLEONLEON@GMAIL.COM,,WWW.FACEBOOK.COM/CENTROCULTURALLEONLEON/,,,60
CENTRO CULTURAL,LIBARIO,JULIAN ALVAREZ,1315,PALERMO,COMUNA 14,"ALVAREZ, JULIAN 1315, CABA",-58.426013,-34.594125,,,-,https://www.facebook.com/libariobar/,,,150
CENTRO CULTURAL,LOS POMPAS,BRASIL,2640,PARQUE PATRICIOS,COMUNA 4,"BRASIL 2640, CABA",-58.40119,-34.63193,,,,,,,
CENTRO CULTURAL,LUZURIAGA CLUB SOCIAL,LUZURIAGA,348,BARRACAS,COMUNA 4,"LUZURIAGA 348, CABA",-58.38846,-34.638294,4076-9096,INFO@LUZURIAGA.CLUB MONISZAL@GMAIL.COM,,,,,90
CENTRO CULTURAL,MAQUINAL ESPACIO CULTURAL,"ANCHORENA, TOMAS MANUEL DE, DR.",364,BALVANERA,COMUNA 3,"ANCHORENA, TOMAS MANUEL DE, DR. 364, CABA",-58.4114511,-34.6057032,,,,,,,
CENTRO CULTURAL,MI CASA,AGUERO,793,BALVANERA,COMUNA 3,"AGUERO 793, CABA",-58.410866,-34.600745,5720-9158,787AGUERO@GMAIL.COM,http://www.libreriamicasa.com.ar/,https://www.facebook.com/MiCasa787/?ref=br_rs,,https://www.instagram.com/ec.micasa/,150
CENTRO CULTURAL,MI LUGAR ESPACIO CULTURAL,"LACROZE, FEDERICO AV.",3630,CHACARITA,COMUNA 15,"LACROZE, FEDERICO AV. 3630, CABA",-58.4518,-34.58201,,,,,,,
CENTRO CULTURAL,MITAD DEL MUNDO,ROJAS,470,CABALLITO,COMUNA 6,"ROJAS 470, CABA",-58.443634,-34.615424,3193-3271,ESPACIOMDM@GMAIL.COM,,WWW.FACEBOOK.COM/ESPACIOMDM/,,,0
CENTRO CULTURAL,MOJITOS DE CUBA,YERBAL,1655,CABALLITO,COMUNA 6,"YERBAL 1655, CABA",-58.45377,-34.624107,3199-8690 / 4634-2016,ARATRELLES@YAHOO.COM.ES,,,,,150
CENTRO CULTURAL,MONSTERA CLUB CULTURAL,ESTADO DE ISRAEL AV.,4791,VILLA CRESPO,COMUNA 15,"ESTADO DE ISRAEL AV. 4791, CABA",-58.4319763,-34.6015205,+54 11 4169-0859,,,,,,
CENTRO CULTURAL,MORRIS,VEGA. NICETO. CNEL. AV.,5642,PALERMO,COMUNA 14,"VEGA, NICETO, CNEL. AV. 5642, CABA",-58.43982,-34.586482,5099-0990,LISTASMAXIM@GMAIL.COM,,,,,200
CENTRO CULTURAL,MORRISON CLUB CULTURAL,ESPINOSA,1159,CABALLITO,COMUNA 6,"ESPINOSA 1159, CABA",-58.45274,-34.60998,,,,,,,
CENTRO CULTURAL,MU TRINCHER BOUTIQUE,RIOBAMBA,143,BALVANERA,COMUNA 3,"RIOBAMBA 143, CABA",-58.39346,-34.607656,4983-4084 / 4174-5346,TRINCHERA@LAVACA.ORG,https://mutrincheraboutique.org/,https://www.facebook.com/mutrincheraboutique/,,https://www.instagram.com/mu.lavaca/,150
CENTRO CULTURAL,MULTIESPACIO JXI,GASCON,1474,PALERMO,COMUNA 14,"GASCON 1474, CABA",-58.422818,-34.59333,4802-8998 / 5821-8094,BASTARDAGUSTIN@GMAIL.COM,,WWW.FACEBOOK.COM/MULTIESPACIO.JXIPALERMO/,@MultiespacioJXI,https://www.instagram.com/multijxipalermo/,50
CENTRO CULTURAL,MULTIESPACIO KOROVA,PARAGUAY,4667,PALERMO,COMUNA 14,"PARAGUAY 4667, CABA",-58.425783,-34.583417,3334-9913,SACHAMOVIL@GMAIL.COM MULTIESPACIOKOROVA@GMAIL.CO,,,,,80
CENTRO CULTURAL,MULTIESPACIO LA COMUNIDAD DEL SOTANO / COMUNIDAD MULTIESPACIO,OROÑO. NICASIO,2480,PATERNAL,COMUNA 15,"OROÑO, NICASIO 2480, CABA",-58.459814,-34.598293,2462-3322,INFO@LACOMUNIDADDELSOTANO.COM.AR,www.comunidaddelsotano.com.ar,WWW.FACEBOOK.COM/COMUNIDADDELSOTANO/,,www.instagram.com/comunidadmultiespacio,136
CENTRO CULTURAL,MULTIESPACIO PASCO,PASCO,689,BALVANERA,COMUNA 3,"PASCO 689, CABA",-58.397693,-34.617151,,MULTIESPACIOPASCO@GMAIL.COM,https://multiespacio-pasco.blogspot.com/,https://www.facebook.com/multiespacio.pasco,,https://www.instagram.com/elmultipasco,0
CENTRO CULTURAL,MUNAR,DON PEDRO DE MENDOZA AV,1555,BOCA,COMUNA 4,"DON PEDRO DE MENDOZA AV. 1555, CABA",-58.356733,-34.637532,,,http://artemunar.com.ar/,-,,,0
CENTRO CULTURAL,NUEVA CALEDONIA,"MONTES DE OCA, MANUEL AV.",971,BARRACAS,COMUNA 4,"MONTES DE OCA, MANUEL AV. 971, CABA",-58.37454,-34.63954,,clubcaledonia@gmail.com,,https://www.facebook.com/pg/clubcaledonia/about/?ref=page_internal,,,300
CENTRO CULTURAL,NUEVA URIARTE,URIARTE,1289,PALERMO,COMUNA 14,"URIARTE 1289, CABA",-58.435387,-34.589729,,,http://ccnuevauriarte.com.ar/,https://www.facebook.com/Centro-Cultural-Nueva-Uriarte-668066876913000/,,,130
CENTRO CULTURAL,OCEANARIO CLUB CULTURAL,ESCALADA DE SAN MARTIN. R.,332,VILLA CRESPO,COMUNA 15,"ESCALADA DE SAN MARTIN, R. 332, CABA",-58.449777,-34.60013,,ELOCEANARIO@GMAIL.COM,WWW.OCEANARIO.COM.AR,WWW.FACEBOOK.COM/OCEANARIOCLUB/,,https://www.instagram.com/oceanario_club/,95
CENTRO CULTURAL,OIHOY CASA ABIERTA,14 DE JULIO,426,VILLA ORTUZAR,COMUNA 15,"14 DE JULIO 426, CABA",-58.464717,-34.58838,4551-0070,RECEPCION@OIHOY.COM.AR,WWW.OIHOY.BLOGSPOT.COM.AR,WWW.FACEBOOK.COM/OIHOY/,,,0
CENTRO CULTURAL,OLIVERIO GIRONDO,VERA,574,VILLA CRESPO,COMUNA 15,"VERA 574, CABA",-58.438303,-34.598457,6554-5095,OLIVERIOCC@GMAIL.COM,https://oliveriogirondoespaciocultural.wordpress.com/,https://www.facebook.com/OliverioGirondoEspacioCultural/,,,0
CENTRO CULTURAL,OTRA HISTORIA,ESTOMBA,851,VILLA ORTUZAR,COMUNA 15,"ESTOMBA 851, CABA",-58.464789,-34.583414,45519266,OTRAHISTORIASALA@GMAIL.COM,http://otrahistoriasala.blogspot.com/,https://www.facebook.com/otrahistoriaclubcultural/,,,145
CENTRO CULTURAL,OTRO DIVAGUE ESPACIO DE ARTE,SANCHEZ DE BUSTAMANTE,136,ALMAGRO,COMUNA 5,"SANCHEZ DE BUSTAMANTE 136, CABA",-58.414721,-34.608033,4982-9023 / 6145-4151,OTRODIVAGUE@GMAIL.COM,,,,,20
CENTRO CULTURAL,PANDA ROJO ESPACIO CULTURAL,SARMIENTO,3096,BALVANERA,COMUNA 3,"SARMIENTO 3096, CABA",-58.409914,-34.606752,+54 9 (11) 7365-6794,,http://pandarojo.com.ar/contacto/,https://www.facebook.com/pandarojocultural,https://twitter.com/pandarojocc,https://www.instagram.com/pandarojocultural/,80
CENTRO CULTURAL,PAPRIKA,BULNES,1757,PALERMO,COMUNA 14,"BULNES 1757, CABA",-58.414677,-34.591359,,JONILOSI@GMAIL.COM,,WWW.FACEBOOK.COM/PG/PAPRIKAMULTIESPACIO/ABOUT/?REF=PAGE_INTERNAL,,https://www.instagram.com/paprikamultiespacio/,50
CENTRO CULTURAL,PARAJE ARTESON,ESTADO DE PALESTINA,919,ALMAGRO,COMUNA 5,"ESTADO DE PALESTINA 919, CABA",-58.425216,-34.600032,3288-1008,PARAJE.ARTESON@GMAIL.COM,WWW.PARAJEARTESON.COM.AR,WWW.FACEBOOK.COM/PARAJE-ARTES%C3%B3N-388053387940049/,,,49
CENTRO CULTURAL,PARQUE DE LA MEMORIA,OBLIGADO RAFAEL. AV.COSTANERA,6745,BELGRANO,COMUNA 13,"OBLIGADO RAFAEL, AV.COSTANERA 6745, CABA",-58.430948,-34.546607,4787-9999 / 4787-6937,PARQUEDELAMEMORIA@BUENOSAIRES.GOB.AR,WWW.PARQUEDELAMEMORIA.ORG.AR,,,,0
CENTRO CULTURAL,PASAJE AL SUR,ANGACO,4146,BOEDO,COMUNA 5,"ANGACO 4146, CABA",-58.42324,-34.6272,,,,,,,
CENTRO CULTURAL,PASILLO AL FONDO ESPACIO CULTURAL,MUÑIZ,1288,BOEDO,COMUNA 5,"MUÑIZ 1288, CABA",-58.424996,-34.629021,,,,,,,
CENTRO CULTURAL,PATIO CRIOLLO LAS MARGARITAS,DONADO,2649,VILLA URQUIZA,COMUNA 12,"DONADO 2649, CABA",-58.47937,-34.56795,,,,,,,
CENTRO CULTURAL,PLANTA ALTA,RIVADAVIA AV.,7609,FLORES,COMUNA 7,"RIVADAVIA AV. 7609, CABA",-58.472555,-34.631392,4613-6008 / 6599-1264,ADRIANFERMANELLI@GMAIL.COM,,https://www.facebook.com/plantaaltarockbar/,,https://www.instagram.com/plantaaltarockbar/,95
CENTRO CULTURAL,POLO BANDONEON,SAENZ AV.,1480,NUEVA POMPEYA,COMUNA 4,"SAENZ AV. 1480, CABA",-58.416058,-34.658231,,,,,,,0
CENTRO CULTURAL,PONCHO CLUB CULTURAL,MARECHAL. LEOPOLDO,1219,VILLA CRESPO,COMUNA 15,"MARECHAL, LEOPOLDO 1219, CABA",-58.440146,-34.604269,6034-1562,PONCHOCLUBCULTURAL@GMAIL.COM,http://ponchoclubcultural.com/,https://www.facebook.com/PonchoClubCultural,@TEATROMARECHAL,,100
CENTRO CULTURAL,PUERTA 18,ZELAYA,3118,BALVANERA,COMUNA 3,"ZELAYA 3118, CABA",-58.4097,-34.60167,,,,,,,
CENTRO CULTURAL,PUERTA ADENTRO,SAN JUAN AV.,1836,SAN CRISTOBAL,COMUNA 3,"SAN JUAN AV. 1836, CABA",-58.39205,-34.62285,,,,,,,
CENTRO CULTURAL,PUNTO DE PARTIDA,LA RIOJA,1828,PARQUE PATRICIOS,COMUNA 4,"LA RIOJA 1828, CABA",-58.40613,-34.63218,,,,,,,
CENTRO CULTURAL,QUETREN QUETREN,OLAZABAL,1784,BELGRANO,COMUNA 13,"OLAZABAL 1784, CABA",-58.45247,-34.55674,,,,,,,
CENTRO CULTURAL,QUILOMBO BAIRES,CERVANTES,2788,VILLA DEVOTO,COMUNA 11,"CERVANTES 2788, CABA",-58.51741,-34.61559,,,,,,,
CENTRO CULTURAL,RINCON CASA CULTURAL,RINCON,1330,SAN CRISTOBAL,COMUNA 3,"RINCON 1330, CABA",-58.394685,-34.624576,4304-5680,MARIAN-SILVI@HOTMAL.COM,http://rinconcasacultural.com.ar/,WWW.FACEBOOK.COM/CASACULTURALRINCON/,,https://www.instagram.com/rinconcasacultural/,80
CENTRO CULTURAL,"RINGO, CASA CULTURAL",LUNA,382,PARQUE PATRICIOS,COMUNA 4,"LUNA 382, CABA",-58.3982753,-34.6407466,,,,,,,
CENTRO CULTURAL,"RIO, PATIO CULTURAL",RIO DE JANEIRO,28,CABALLITO,COMUNA 6,"RIO DE JANEIRO 28, CABA",-58.43011,-34.61506,,,,,,,
CENTRO CULTURAL,RITMOS SABROSOS,BOEDO AV.,1886,BOEDO,COMUNA 5,"BOEDO AV. 1886, CABA",-58.416092,-34.635849,2063-7143 / 5961-9646 / 5934-6361,RITMOSSABROSOS@GMAIL.COM,,,,,100
CENTRO CULTURAL,ROSETI,GALLO,760,ALMAGRO,COMUNA 5,"GALLO 760, CABA",-58.41246,-34.60076,,,,,,,
CENTRO CULTURAL,SALDIAS POLO CULTURAL,SAN PEDRO DE JUJUY,,RECOLETA,COMUNA 2,"SAN PEDRO DE JUJUY (NO OFICIAL), CABA, CABA",-58.400907,-34.5743652,,,-,https://www.facebook.com/saldiaspolocultural/,,,0
CENTRO CULTURAL,SAMANA.RED.CULTURAL,"NEWBERY, JORGE",2909,COLEGIALES,COMUNA 13,"NEWBERY, JORGE 2909, CABA",-58.4449,-34.57622,,,,,,,
CENTRO CULTURAL,SANTOS 4040,DUMONT. SANTOS,4040,CHACARITA,COMUNA 15,"DUMONT, SANTOS 4040, CABA",-58.449964,-34.58867,,PROGRAMACION@SANTOS4040.COM.AR,WWW.SANTOS4040.COM.AR,WWW.FACEBOOK.COM/SANTOS4040/,,https://www.instagram.com/santos.4040/,240
CENTRO CULTURAL,SAVIA ESPACIO CULTURAL,JUFRE,127,VILLA CRESPO,COMUNA 15,"JUFRE 127, CABA",-58.4301475,-34.5978661,+54 11 2406-4330,,,,,,
CENTRO CULTURAL,SEXTO CULTURAL,"LACROZE, FEDERICO AV.",4181,CHACARITA,COMUNA 15,"LACROZE, FEDERICO AV. 4181, CABA",-58.4551,-34.58714,,,,,,,
CENTRO CULTURAL,SHAMBALA,COSTA RICA,5673,PALERMO,COMUNA 14,"COSTA RICA 5673, CABA",-58.43532,-34.582096,5130-1010 / 4773-1379,G_BALBIANI@HOTMAIL.COM,,,,,0
CENTRO CULTURAL,SIGUE LA POLILLA,CASTRO BARROS,878,BOEDO,COMUNA 5,"CASTRO BARROS 878, CABA",-58.419254,-34.622445,6153-5991,SEGUILAPOLILLA@GMAIL.COM,http://siguelapolilla.com,WWW.FACEBOOK.COM/SIGUELAPOLILLA/,,https://www.instagram.com/siguelapolilla/,233
CENTRO CULTURAL,SOCIEDAD LUZ,SUAREZ,1301,BARRACAS,COMUNA 4,"SUAREZ 1301, CABA",-58.370759,-34.638106,4301-2586,INFOSOCIEDADLUZ@GMAIL.COM,WWW.SOCIEDADLUZ.ORG.AR,https://www.facebook.com/SociedadLuzUniversidadPopular/,,https://www.instagram.com/sociedadluz/,0
CENTRO CULTURAL,SORIA,SORIA,5148,PALERMO,COMUNA 14,"SORIA 5148, CABA",-58.432337,-34.588176,4832-1745 / 15-5665-4967,MPETTINARI@HOTMAIL.COM,,,,,0
CENTRO CULTURAL,SR. DUNCAN MULTIESPACIO CULTURAL,RIVADAVIA AV.,3832,ALMAGRO,COMUNA 5,"RIVADAVIA AV. 3832, CABA",-58.420169,-34.611318,4958-3633 / 6764-6932,SENIORDUNCAN@GMAIL.COM,,WWW.FACEBOOK.COM/LA-CASA-DEL-SR-DUNCAN-188073261235074/,,https://www.instagram.com/seniorduncan/,95
CENTRO CULTURAL,SUBLIME CENTRO CULTURAL,"LAMARCA, EMILIO",1926,VILLA SANTA RITA,COMUNA 11,"LAMARCA, EMILIO 1926, CABA",-58.4925081,-34.6145407,+54 9 11 3395-8388,,,,,,
CENTRO CULTURAL,SWING CITY,SCALABRINI ORTIZ,103,VILLA CRESPO,COMUNA 15,"SCALABRINI ORTIZ, RAUL AV. 103, CABA",-58.440892,-34.601286,,,,,,,
CENTRO CULTURAL,TACHELES POLO DE CULTURA EMERGENTE,"ALSINA, ADOLFO",1475,MONSERRAT,COMUNA 1,"ALSINA, ADOLFO 1475, CABA",-58.38714,-34.61112,,,,,,,
CENTRO CULTURAL,TACUARI TANGO,TACUARI,1557,CONSTITUCION,COMUNA 1,"TACUARI 1557, CABA",-58.377687,-34.626245,,,,,,,
CENTRO CULTURAL,TEATRARTE,ASUNCION,4168,VILLA DEVOTO,COMUNA 11,"ASUNCION 4168, CABA",-58.512511,-34.601773,4504-4291 / 6506-0101,GLADURAN@YAHOO.COM.AR,,,,,50
CENTRO CULTURAL,TEATRO CALDERÓN,"ALVAREZ, DONATO, TTE. GRAL.",524,FLORES,COMUNA 7,"ALVAREZ, DONATO, TTE. GRAL. 524, CABA",-58.45687,-34.61964,+54 9 11 3198-2703,,,,,,
CENTRO CULTURAL,"TEATRO MACONDO CENTRO CULTURAL ""EL JOY""","IRIARTE, GRAL. AV.",2374,BARRACAS,COMUNA 4,"IRIARTE, GRAL. AV. 2374, CABA",-58.3799968,-34.6495778,,,,,,,
CENTRO CULTURAL,TEATRO MANDRIL,HUMBERTO 1°,2758,SAN CRISTOBAL,COMUNA 3,"HUMBERTO 1° 2758, CABA",-58.403422,-34.622631,4308-6253 / 6359-4682,info@teatromandril.com,WWW.TEATROMANDRIL.COM,WWW.FACEBOOK.COM/TEATRO.MANDRIL/,,https://www.instagram.com/teatromandril/,240
CENTRO CULTURAL,TEATRO PUNTO DE FUGA,"RAMIREZ DE VELASCO, JUAN",405,VILLA CRESPO,COMUNA 15,"RAMIREZ DE VELASCO, JUAN 405, CABA",-58.435997,-34.59905,15-5047-8465,EMPUNTODEFUGA@GMAIL.COM,,https://www.facebook.com/espaciopdf/,,https://www.instagram.com/espaciopdf/,0
CENTRO CULTURAL,"TER, ESPACIO CULTURAL",RIVADAVIA AV.,8535,VELEZ SARSFIELD,COMUNA 10,"RIVADAVIA AV. 8535, CABA",-58.483857,-34.634156,5583-2213 / 4656-1326,AGUSDP84@HOTMAIL.COM,,,,,80
CENTRO CULTURAL,THE MONKEYS,GUATEMALA,4462,PALERMO,COMUNA 14,"GUATEMALA 4462, CABA",-58.422266,-34.588107,3129-0318,,,,,,0
CENTRO CULTURAL,TIERRA VIOLETA,TACUARI,538,MONSERRAT,COMUNA 1,"TACUARI 538, CABA",-58.378928,-34.6145,2007-5148,INFO@TIERRA-VIOLETA.COM.AR,WWW.TIERRA-VIOLETA.COM.AR,WWW.FACEBOOK.COM/CENTROCULTURALTIERRAVIOLETA/,,https://www.instagram.com/cctierravioleta/,30
CENTRO CULTURAL,TOTEM,DE LOS INCAS AV.,4018,VILLA ORTUZAR,COMUNA 15,"DE LOS INCAS AV. 4018, CABA",-58.46821,-34.57799,,,,,,,
CENTRO CULTURAL,UN LUGAR APARTE,"RAMIREZ DE VELASCO, JUAN",710,VILLA CRESPO,COMUNA 15,"RAMIREZ DE VELASCO, JUAN 710, CABA",-58.43858,-34.59646,,,,,,,
CENTRO CULTURAL,UNIVERSIDAD CATOLICA DE BUENOS AIRES,MOREAU DE JUSTO. ALICIA AV.,1500,PUERTO MADERO,COMUNA 1,"MOREAU DE JUSTO, ALICIA AV. 1500, CABA",-58.365905,-34.615719,4338-0844,CENTRO-CULTURAL@UCA.EDU.AR,WWW.UCA.EDU.AR,,,,0
CENTRO CULTURAL,UNIVERSIDAD POPULAR DE BELGRANO,CAMPOS SALLES,2145,NUÑEZ,COMUNA 13,"CAMPOS SALLES 2145, CABA",-58.463338,-34.550759,,carlosdeurquiza@iberoamericateatral.com.ar; sala.upb@gmail.com,http://www.upebe.com.ar/inicio-campos-salles/,https://www.facebook.com/UniversidadPopularDeBelgrano/?ref=br_rs,,,0
CENTRO CULTURAL,URDA ESPACIO CULTURAL,HUMAHUACA,4130,ALMAGRO,COMUNA 5,"HUMAHUACA 4130, CABA",-58.422882,-34.601741,5103-7807 / 2080-2464,JPCIPRIOTA@GMAIL.COM,,,,,110
CENTRO CULTURAL,USINA DEL ARTE,CAFFARENA. AGUSTIN R.,2,BOCA,COMUNA 4,"CAFFARENA, AGUSTIN R. 2, CABA",-58.356388,-34.629144,4909-2076,USINADELARTEBSAS@GMAIL.COM,HTTP://WWW.BUENOSAIRES.GOB.AR/USINADELARTE,,,,0
CENTRO CULTURAL,VERTIGO ESPACIO CULTURAL,RIGLOS,352,CABALLITO,COMUNA 6,"RIGLOS 352, CABA",-58.4361967,-34.6223926,+54 11 6951-0704,,,,,,
CENTRO CULTURAL,VIBRA,GUARDIA VIEJA,4085,ALMAGRO,COMUNA 5,"GUARDIA VIEJA 4085, CABA",-58.421885,-34.600532,,vibra.culturamov@gmail.com,,https://www.facebook.com/pg/vibra.cultural/about/?ref=page_internal,,,100
CENTRO CULTURAL,VUELA EL PEZ,CORDOBA AV.,4379,PALERMO,COMUNA 14,"CORDOBA AV. 4379, CABA",-58.427785,-34.595594,3687-5130 / 4197-5625 /4773-7902,ELMAILDELPEZ@GMAIL.COM,,WWW.FACEBOOK.COM/VUELAELPEZ,,https://www.instagram.com/vuelaelpez/,168
CENTRO CULTURAL,"WALSH, CENTRO CULTURAL",CHILE,413,MONSERRAT,COMUNA 1,"CHILE 413, CABA",-58.37198,-34.61599,,,,,,,
CENTRO CULTURAL,WARA WARA,MARTINEZ ROSAS,969,VILLA CRESPO,COMUNA 15,"MARTINEZ ROSAS 969, CABA",-58.448369,-34.599876,,,,,,,0
CENTRO CULTURAL,WOKI TOKI,TACUARI,905,CONSTITUCION,COMUNA 1,"TACUARI 905, CABA",-58.37878,-34.61867,,,,,,,
CENTRO CULTURAL,WORK,GURRUCHAGA,1830,PALERMO,COMUNA 14,"GURRUCHAGA 1830, CABA",-58.42702,-34.587848,5338-8348 / 4775-2956,NERINABARROS@GMAIL.COM,,,,,350
ESPACIO FERIAL,DEFENSA,DEFENSA 50 AL 600,,MONSERRAT,COMUNA 1,"Defensa 50 al 600, CABA",-58.37208807,-34.60954268,,,,,,,0
ESPACIO FERIAL,DIAGONAL SUR,DIAGONAL SUR,,MONSERRAT,COMUNA 1,"Diagonal Sur, CABA",-58.37377977,-34.60930314,,,,,,,0
ESPACIO FERIAL,FERIA DE MATADEROS,DE LOS CORRALES AV.,6501,MATADEROS,COMUNA 9,"DE LOS CORRALES AV. 6501, CABA",-58.50030478,-34.66250708,4323-9737,FERIADEMATADEROS_MC@BUENOSAIRES.GOB.AR,HTTP://WWW.FERIADEMATADEROS.COM.AR,,,,0
ESPACIO FERIAL,FERIA INTENDENTE ALVEAR,AV. DEL LIBERTADOR Y AV. ALVEAR,,RECOLETA,COMUNA 2,"DEL LIBERTADOR AV. y ALVEAR AV., CABA",-58.39101,-34.58499,,,,,,,0
ESPACIO FERIAL,FERIA PARQUE CENTENARIO,DIAS VELEZ AV Y LEOPOLDO MARECHAL,,CABALLITO,COMUNA 6,"DIAS VELEZ AV Y LEOPOLDO MARECHAL, CABA",-58.4372311,-34.608061,,,,,,,0
ESPACIO FERIAL,FERIA PARQUE LEZAMA,BRASIL AV Y DEFENSA,,SAN TELMO,COMUNA 1,"BRASIL AV. y DEFENSA, CABA",-58.3711,-34.62537,,,,,,,0
ESPACIO FERIAL,FERIA PLAZA HOUSSAY,CORDOBA AV Y JUNIN,,RECOLETA,COMUNA 2,"CORDOBA AV. y JUNIN, CABA",-58.39719,-34.59973,,,,,,,0
ESPACIO FERIAL,FERIA PLAZA ITALIA,AV. SANTA FE Y URIARTE,,PALERMO,COMUNA 14,"SANTA FE AV. y URIARTE, CABA",-58.42261,-34.58058,,,,,,,0
ESPACIO FERIAL,FERIA PLAZA MANUEL BELGRANO,AV. JURAMENTO Y VUELTA DE OBLIGADO,,BELGRANO,COMUNA 13,"JURAMENTO AV. y VUELTA DE OBLIGADO, CABA",-58.45567,-34.56147,,,,,,,0
ESPACIO FERIAL,FERIA PLAZOLETA SANTA FE,SANTA FE AV Y THAMES,,PALERMO,COMUNA 14,"SANTA FE AV. y THAMES, CABA",-58.42174,-34.58118,,,,,,,0
ESPACIO FERIAL,FERIA VUELTA DE ROCHA I,PEDRO DE MENDOZA AV Y DEL VALLE IBERLUCEA,,BOCA,COMUNA 4,"DON PEDRO DE MENDOZA AV. y VALLE IBERLUCEA DEL, DR., CABA",-58.36183,-34.63938,,,,,,,0
ESPACIO FERIAL,FERIA VUELTA DE ROCHA II,PEDRO DE MENDOZA AV Y DEL VALLE IBERLUCEA,,BOCA,COMUNA 4,"DON PEDRO DE MENDOZA AV. y VALLE IBERLUCEA DEL, DR., CABA",-58.36183,-34.63938,,,,,,,0
ESPACIO FERIAL,GIUFFRA,DEFENSA Y PJE. GIUFFRA,,SAN TELMO,COMUNA 1,"DEFENSA y GIUFFRA, JOSE M.,DR., CABA",-58.37164,-34.61786,,,,,,,0
ESPACIO FERIAL,HONDURAS,HONDURAS ENTRE SERRANO Y THAMES,,PALERMO,COMUNA 14,"Honduras entre Serrano y Thames, CABA",-58.43081097,-34.58832177,,,,,,,0
ESPACIO FERIAL,HUMBERTO 1°,HUMBERTO 1° E/ DEFENSA Y BALCARCE,,SAN TELMO,COMUNA 1,"Humberto 1° e/ Defensa y Balcarce, CABA",-58.37071015,-34.62064323,,,,,,,0
ESPACIO FERIAL,PALERMO VIEJO,MALABIA Y COSTA RICA,,PALERMO,COMUNA 14,"MALABIA y COSTA RICA, CABA",-58.42508,-34.58947,,,,,,,0
ESPACIO FERIAL,PARQUE ALBERDI,AV. LISANDRO DE LA TORRE Y AV. DIRECTORIO,,MATADEROS,COMUNA 9,"DE LA TORRE, LISANDRO AV. y DIRECTORIO AV., CABA",-58.50311,-34.66013,,,,,,,0
ESPACIO FERIAL,PARQUE AVELLANEDA,AV. LACARRA Y AV. DIRECTORIO,,PARQUE AVELLANEDA,COMUNA 9,"LACARRA AV. y DIRECTORIO AV., CABA",-58.47993,-34.6413,,,,,,,0
ESPACIO FERIAL,PARQUE CENTENARIO,PASAJE LILLO Y LEOPOLDO MARECHAL,,CABALLITO,COMUNA 6,"PASAJE LILLO Y LEOPOLDO MARECHAL, CABA",-58.43653183,-34.60788459,,,,,,,0
ESPACIO FERIAL,PARQUE CENTENARIO,AV. PATRICIAS ARGENTINAS,,CABALLITO,COMUNA 6,"Av. Patricias Argentinas, CABA",-58.43653183,-34.60788459,,,,,,,0
ESPACIO FERIAL,PARQUE CHACABUCO,EMILIO MITRE Y AV. ASAMBLEA,,PARQUE CHACABUCO,COMUNA 7,"MITRE, EMILIO y ASAMBLEA AV., CABA",-58.43886,-34.63525,,,,,,,0
ESPACIO FERIAL,PARQUE LOS ANDES,AV. DORREGO Y AV. CORRIENTES,,CHACARITA,COMUNA 15,"DORREGO AV. y CORRIENTES AV., CABA",-58.4476,-34.5917,,,,,,,0
ESPACIO FERIAL,PARQUE PATRICIOS,AV. CASEROS Y AV. ALMAFUERTE,,PARQUE PATRICIOS,COMUNA 4,"CASEROS AV. y ALMAFUERTE AV., CABA",-58.41110631,-34.63821544,,,,,,,0
ESPACIO FERIAL,PARQUE PATRICIOS,AV. CASEROS Y MONTEAGUDO,,PARQUE PATRICIOS,COMUNA 4,"CASEROS AV. y MONTEAGUDO, CABA",-58.40561,-34.63712,,,,,,,0
ESPACIO FERIAL,PARQUE RIVADAVIA,AV. RIVADAVIA Y BEAUCHEF,,CABALLITO,COMUNA 6,"RIVADAVIA AV. y BEAUCHEF, CABA",-58.43511,-34.6177,,,,,,,0
ESPACIO FERIAL,PARQUE SAAVEDRA,GARCÍA DEL RIO Y ROQUE PÉREZ,,SAAVEDRA,COMUNA 12,"GARCIA DEL RIO y PEREZ, ROQUE, CABA",-58.48079,-34.55217,,,,,,,0
ESPACIO FERIAL,PASEO DEFENSA,DEFENSA,1200,SAN TELMO,COMUNA 1,"DEFENSA 1200, CABA",-58.3713088,-34.62167893,,,,,,,0
ESPACIO FERIAL,PLAZA CORTAZAR,HONDURAS Y SERRANO,,PALERMO,COMUNA 14,"HONDURAS y SERRANO, CABA",-58.43033,-34.58863,,,,,,,0
ESPACIO FERIAL,PLAZA DORREGO,PLAZA DORREGO,,SAN TELMO,COMUNA 1,"Plaza Dorrego, CABA",-58.37171972,-34.62048979,,,,,,,0
ESPACIO FERIAL,PLAZA HOUSSAY,JUNIN Y PARAGUAY,,RECOLETA,COMUNA 2,"JUNIN y PARAGUAY, CABA",-58.39733,-34.59858,,,,,,,0
ESPACIO FERIAL,PLAZA LAVALLE,LAVALLE Y TALCAHUANO,,SAN NICOLAS,COMUNA 1,"LAVALLE y TALCAHUANO, CABA",-58.3852,-34.60269,,,,,,,0
ESPACIO FERIAL,PLAZOLETA JOAQUIN SANCHEZ,AV. JURAMENTO Y VUELTA DE OBLIGADO,,BELGRANO,COMUNA 13,"JURAMENTO AV. y VUELTA DE OBLIGADO, CABA",-58.45567,-34.56147,,,,,,,0
ESPACIO FERIAL,PLAZOLETA PRIMERA JUNTA,AV. RIVADAVIA Y DEL BARCO CENTERA,,CABALLITO,COMUNA 6,"RIVADAVIA AV. y BARCO CENTENERA DEL, CABA",-58.4411,-34.62082,,,,,,,0
ESPACIO FERIAL,PLAZOLETA ROQUE SAENZ PEÑA,AV. JUAN B JUSTO,4800,VILLA GRAL. MITRE,COMUNA 11,"AV. JUAN B JUSTO 4800, CABA",-58.4663994,-34.61065232,,,,,,,0
ESPACIO FERIAL,PLAZOLETA SANTA FE,AV. SANTA FE ENTRE URIARTE Y THAMES,,PALERMO,COMUNA 14,"AV. SANTA FE ENTRE URIARTE Y THAMES, CABA",-58.42190681,-34.58090496,,,,,,,0
ESPACIO FERIAL,PLAZOLETA TANGO,AV. LEANDRO N. ALEM Y JUAN DOMINGO PERON,,SAN NICOLAS,COMUNA 1,"ALEM, LEANDRO N. AV. y PERON, JUAN DOMINGO, TTE. GENERAL, CABA",-58.37028,-34.60536,,,,,,,0
ESPACIO FERIAL,RECOLETA,RECOLETA AV. PUEYRREDÓN Y AV. DEL LIBERTADOR (PLAZA INTENDENTE ALVEAR Y PLAZA JUAN XXIII).,,RECOLETA,COMUNA 2,"Recoleta Av. Pueyrredón y Av. del Libertador (Plaza Intendente Alvear y Plaza Juan XXIII)., CABA",-58.3924294,-34.58461532,,,,,,,0
ESPACIO FERIAL,RETIRO,AV. CALABRIA Y JULIETA LANTERI,,PUERTO MADERO,COMUNA 1,"CALABRIA AV. y LANTERI JULIETA, CABA",-58.35869,-34.61259,,,,,,,0
ESPACIO FERIAL,RICCHIERI,AV. BEIRO Y QUEVEDO,,VILLA DEVOTO,COMUNA 11,"BEIRO, FRANCISCO AV. y QUEVEDO, CABA",-58.51941,-34.61054,,,,,,,0